,alternateName,forwardPrimer,reversePrimer,coordinate
1,16PTEL06,GAACAGGACATGGCTGTCAT,TCTACATGTGCCTAGAAGAC,">chr16:181932+182079 148bp GAACAGGACATGGCTGTCAT TCTACATGTGCCTAGAAGAC
GAACAGGACATGGCTGTCATatccaagagcacatgtgtaacacagacatg
ccacacacacacacacacacacacggggtagaggcaggcctcatccacac
ccctaacatttgatgcgtagctgttccaGTCTTCTAGGCACATGTAGA"
2,18QTEL11,CCTATTTAAGTTTCTGTAAGG,ATGGTGTAGACCCTGTGGAA,">chr18:80094039-80094201 163bp CCTATTTAAGTTTCTGTAAGG ATGGTGTAGACCCTGTGGAA
CCTATTTAAGTTTCTGTAAGGaaatatgttatttcatgtgtgtctgtgtg
tctgtgtgtgtgtgtgtgtgtgtgtgtgtgtgtgtaattgctggattata
tggtagttttgtgtttaattttttgaggaaataccaaaccgttTTCCACA
GGGTCTACACCAT"
3,2QTEL47,GTGAGGTCAGGAACGCTAAG,CTGTCATCGCTATGAGCCAG,">chr2:241924338-241924487 150bp GTGAGGTCAGGAACGCTAAG CTGTCATCGCTATGAGCCAG
GTGAGGTCAGGAACGCTAAGgacatattctcaggagtcaaggagctccat
gaggtgtgtgcgtgtgtgtgtgtgtgtgtgtgtgtgtatttcattttgat
aatcatctgaaaaccacaaacaacaatgttCTGGCTCATAGCGATGACAG"
4,4PTEL04,CTAGCTTTGATTCTATTGACC,GGTCTAAATCAATGACCTAAGC,"chr4:116030+116199 170bp CTAGCTTTGATTCTATTGACC GGTCTAAATCAATGACCTAAGC
CTAGCTTTGATTCTATTGACCtttctctctgtgtgtgtgtgtgtgtgtgt
gtgttgttttctatttcattgatttctgttttggtctttgttattttctc
ttttctctttgggtttaattttactttttctaaatttttaagtttaaaGC
TTAGGTCATTGATTTAGACC"
5,AAAT072,GGCAGCAAGAGTGAAACTCA,ACTCCACCCAGGAAGTCCA,">chr5:180452842+180453031 190bp GGCAGCAAGAGTGAAACTCA ACTCCACCCAGGAAGTCCA
GGCAGCAAGAGTGAAACTCAgtctcaaaaataaataaataaataaataaa
taaataaataaataaataaaatacaaaattagctgggtctggtggcacac
gcctgtagtctcagctactagggaggctgagacaggagaactgcttgaac
ccagtgagaggtgaagccagcTGGACTTCCTGGGTGGAGT"
6,AAAT105z,CAGCCTGGATGACAAAGTGA,GAGGATATAAATGACGGAGGCTTA,">chr2:109628463+109628609 147bp CAGCCTGGATGACAAAGTGA GAGGATATAAATGACGGAGGCTTA
CAGCCTGGATGACAAAGTGAgactctgtctcaaaaaataataaataaata
aataaataaataaataaataaataaatagattcccactattcccagtatg
gccacattcagtttatactaattTAAGCCTCCGTCATTTATATCCTC"
7,AAAT111,TTGGACTCATTTGTTTCCAATTT,AGTCACACAGCACCACACCT,">chr5:4657263+4657479 217bp TTGGACTCATTTGTTTCCAATTT AGTCACACAGCACCACACCT
TTGGACTCATTTGTTTCCAATTTgtttacatctaaaaagtaagctatgtc
caggtgcagtggctcacacctgtaatcctaacactttttgaggccgaggt
gggcagatcatttgaggtccagagttcgggaccagcctgaaatcctgtct
ctgctaaaataaataaataaataaataaataaatgcaaaaattatccAGG
TGTGGTGCTGTGTGACT"
8,AAAT121,GAGATTGTGCCACTGCACTC,CCAACCCAAGTTGACAATGA,no match
9,AAAT126,TTGCAGTGAGACGAGATTGG,CTCCACCACTGTTGGGAAAT," 	
>chr9:100627574-100627717 144bp TTGCAGTGAGACGAGATTGG CTCCACCACTGTTGGGAAAT
TTGCAGTGAGACGAGATTGGgccactgtactccagcctgggggacagagc
gagactctgtctccagaaataaataaataaataaataaataaataaacaa
ataaataaataaaaccgtcaactgATTTCCCAACAGTGGTGGAG"
10,AAAT134,GGCGATAGAGCGAGACTCAA,CGGGCATACATTGAAAACTACA,">chr13:26845208+26845374 167bp GGCGATAGAGCGAGACTCAA CGGGCATACATTGAAAACTACA
GGCGATAGAGCGAGACTCAAtctcaaaaaataaataaataaataaataaa
taaataaataaataaataaataaaagactattttcccctcttgagttctt
cgaaacatgtatgactgatgaaaagaaaaattacaacattatcttTGTAG
TTTTCAATGTATGCCCG"
11,AAC023,ACCATGCTTGGAAAACTTGC,ATTGCCTAATGTCCCCCAGT,">chr3:67969503+67969697 195bp ACCATGCTTGGAAAACTTGC ATTGCCTAATGTCCCCCAGT
ACCATGCTTGGAAAACTTGCttccaaaatcatcgcttggttgggtgtatt
tttttcagttttgaatcctttcccctccatcaaacaacaacaacaacaac
aacaacaacagcacaactcactttccagtcaatcttgagtggggttcttg
actaggggtgctgcctccaccctcaACTGGGGGACATTAGGCAAT"
12,AAC040Z,ACACGGTGAAACCCTGTCTC,ACCCCCACCCAGATTTAGAC,no match
13,AAT013,GCTGTGGTGAGCTGTGATTG,ATTTGCTTTCAACCCCACTG,">chr5:173904907+173905181 275bp GCTGTGGTGAGCTGTGATTG ATTTGCTTTCAACCCCACTG
GCTGTGGTGAGCTGTGATTGtgccactgcactccaacttgggcaacagag
tgagaccctgtctcagataataataataataataataataataataataa
taataataataaaaaaatgtaacttagaagatttgaggattaattaagac
agtgtttatcaagtacctagaataatatcaggtgcttagtagatgctcaa
taaagggtaggtctgcttttctaatttctccctttagggtgccaagagaa
actggCAGTGGGGTTGAAAGCAAAT"
14,AAT055Z,GCCAAGATTTGACAATAACCTCA,TGGACTTCCAATTCTTCTTACTGA,">chr2:13385216+13385541 326bp GCCAAGATTTGACAATAACCTCA TGGACTTCCAATTCTTCTTACTGA
GCCAAGATTTGACAATAACCTCAaacatgaaaggcagggatcaaggtaaa
aataataataataataataataataataataataataataataataattg
caagtaaatctataataaaagatacaatacaggcacaggaaaaaactttt
aaaaatgatatgcagttatgttcagggagagaaaatgtataacacctata
catctcgaaggtagaggaagctgtaataagtaaaaaattcaaaaaataaa
atacacaaaagcttttgaaaattcagaaatacaattgctaaaggaaaata
agTCAGTAAGAAGAATTGGAAGTCCA"
15,AAT071,GTTGCACTGAGCAGAGATCG,AAAGATTTAATGCAGCCACAAA," 	
>chr3:150445249+150445430 182bp GTTGCACTGAGCAGAGATCG AAAGATTTAATGCAGCCACAAA
GTTGCACTGAGCAGAGATCGcgccattgcactccagcctgggtgacaaga
gcaagactctgtctcaaaaataataataataataataataataataataa
taataataataagccttgtaaatgtaaatctcaagtcaaacaatttttat
taacatatacTTTGTGGCTGCATTAAATCTTT"
16,AAT076,CCTGGGCAACAGAGCTAGAC,GCTTCATACAAGCGAAGATGG,">chr8:72179496+72179706 211bp CCTGGGCAACAGAGCTAGAC GCTTCATACAAGCGAAGATGG
CCTGGGCAACAGAGCTAGACtccatctcaataataataataataataata
ataataataataataatttggacttacagaataatcagatgagatcgtgg
ctaaactgaaaggaaattaccaccatctagagatgaataacataattgat
ggatctttgtatctcagcttgtttttaagacaggataagaCCATCTTCGC
TTGTATGAAGC"
17,AAT083,GTTTTGGAAACCTCCGGACT,ACTGCAGGCTCGAAATCCTA,">chr17:17150920-17151217 298bp GTTTTGGAAACCTCCGGACT ACTGCAGGCTCGAAATCCTA
GTTTTGGAAACCTCCGGACTcacaactggtgtcagaagtgggggcaggac
tgggcacagtgattcatgcctataatcccagcactttgggaagccaaggc
aagtggatcgctggagcccaggggttcaaaaccctcctgggcaacatggt
gaaaccctgtctctctaaataatgataataataataataataataataat
aataataagctgggcatggtggcatgcacctgtagtcccagttactctgg
aggctgaggtagaaggatcgttagagtcTAGGATTTCGAGCCTGCAGT"
18,AAT095,TTGGGATGGTGAAAAGGTTC,TGCTCACGGTTGTCCTGTAG," 	
>chr17:80626659-80626918 260bp TTGGGATGGTGAAAAGGTTC TGCTCACGGTTGTCCTGTAG
TTGGGATGGTGAAAAGGTTCtagagatggacagtgaggatgcttgcacaa
cattatgaattatttcatgtcgttcaattgtacacttaataattcctaga
atgaaaaataataataataataataataataataataataattcctagaa
tggtattttgtgttgtctatgttttaccacaattaaaaaaaaaaaaaaaa
cagtctctggacttgaactgcataggttcaaattccagctCTACAGGACA
ACCGTGAGCA"
19,AAT107,GGTTGTGGTGAGCCAAGATT,CATTCTGAGAGGAAGGCAGAA,">chr16:59858989-59859202 214bp GGTTGTGGTGAGCCAAGATT CATTCTGAGAGGAAGGCAGAA
GGTTGTGGTGAGCCAAGATTgtgccactgcattccagtctggatgacaga
ccgagaccctgtctcaataataataataataataataataataataataa
taataatagtaacaacaaaaataaaaaaagaaaatgcaaaaaaagacacc
agaatgtcatgtattaagatgttgtagttacattttcatattcTTCTGCC
TTCCTCTCAGAATG"
20,AAT142,AGATCGTGCCACTGCACTC,TTTCATTGATGTTGGAAACCA,no match
21,AAT200,GGTGTTGCGTGCCTGTAGT,GCCCTCTCCTGACACCAAAT,">chr1:181056227+181056431 205bp GGTGTTGCGTGCCTGTAGT GCCCTCTCCTGACACCAAAT
GGTGTTGCGTGCCTGTAGTcccagctacttgggaggctgagacaggggaa
ttgcttgaacccgggaggcagagattgcagtgagccgagatcacgccact
gcactccagcctggcgacagagtgagactctatctcaaaataataataat
aataataataataataataataataataacagtatATTTGGTGTCAGGAG
AGGGC"
22,AAT203,CACTCCAACCTGGGTAACAA,CCACAGTTGGGTCTCCAAAG,">chr2:221730392+221730636 245bp CACTCCAACCTGGGTAACAA CCACAGTTGGGTCTCCAAAG
CACTCCAACCTGGGTAACAAtagcgaaaccctgtctcaaaataataacaa
caataataataataataataataataataatgtgtttttagcaacttgga
tagagctggaggccattattctaagtgaagtaactcaggaatggaaaacc
aaatactgtatgttcttacttataagtgggagctaagctatgggtacaca
aaggcatacagaatgatataatgaaCTTTGGAGACCCAACTGTGG"
23,AAT224,CCTGGGTGACAGAGCAAGAT,CCTTTTTGTCCTAAGGTCTTTGC,no match
24,AAT226,CAGCTTTGTCCAGGCCTTAG,TGCACGGTTTTAAGCACAAC,">chr16:14241903+14242066 164bp CAGCTTTGTCCAGGCCTTAG TGCACGGTTTTAAGCACAAC
CAGCTTTGTCCAGGCCTTAGggaggcctcctccactgccatcctcctttg
gcattgggcaccaataataataataataataataataataataataataa
taataataatggtaatgatgtctcacagttactacttacaatgcGTTGTG
CTTAAAACCGTGCA"
25,AAT228,CTTGCAGTGAGCTGAGATCG,AAGTTCTTCAGGGCAGTTCG,no match
26,AAT238,AGGCCAGAAGTTCAAGACCA,CCACCTCCTAATTATTTTGCTACA,">chr1:10927477+10927623 147bp AGGCCAGAAGTTCAAGACCA CCACCTCCTAATTATTTTGCTACA
AGGCCAGAAGTTCAAGACCAgtgtggtcaacacagcaagactctcatctc
ttacaataataataataataataataataataatatataaataaataatc
tcaagggcatctaaacagtaaaaTGTAGCAAAATAATTAGGAGGTGG"
27,AAT245,GCCAAGGCAGGAGGATTACT,CCTTTACCACTTGTGGCACTT,no match
28,AAT246,GGGTCCAGCCTCTGTGTCTA,GAGTTCAAGGCTTCGGTGAG,">chr4:2750285+2750517 233bp GGGTCCAGCCTCTGTGTCTA GAGTTCAAGGCTTCGGTGAG
GGGTCCAGCCTCTGTGTCTAgtacttgaggtaagaagggacagagaccgg
gaacctagaatgttctcatcacaatggaacaaaatactaagccctattac
tgcgagaaccctgattattattattattattattattattattattattt
tattattttagagacagggtctcgccctgacaccgaggctgcaatacagt
ggtataatcacagCTCACCGAAGCCTTGAACTC"
29,AAT247,ACTTCAGAGAGGTGCCCAGA,GTCTTTCCATCCTTCGCATC,">chr20:3484719-3485006 288bp ACTTCAGAGAGGTGCCCAGA GTCTTTCCATCCTTCGCATC
ACTTCAGAGAGGTGCCCAGAtaaatacagatactcatgagctaaatatta
ctcagtgcaataataataataataataataataataataataataatttt
aaaatccattcctaggtactatagtaatcaattagtttctagtaataaca
aaattctctatcgagtagtaaatctaataaaagtgtgtcagatcatttga
aaaaagctataagaatttactgaaagatatgagacctaaactggaaatat
aaagcatctttccagaagGATGCGAAGGATGGAAAGAC"
30,AAT248,ACAAGGTGGGTGAACCTGAA,TCTCCCCAGTCCTTGATAGC," 	
>chr5:8546205+8546393 189bp ACAAGGTGGGTGAACCTGAA TCTCCCCAGTCCTTGATAGC
ACAAGGTGGGTGAACCTGAAaaacattctaaatcaaataagccagataca
gaaggaaaaatatagcatggtcttacttatatgtggaataataataataa
taataataataataataataacaacaacaataaactgcagtgcattaata
gaaacagagtagaatggtgGCTATCAAGGACTGGGGAGA"
31,AAT252,ATGGATGCAGCACACCAAT,ACCCCAGACCAAACAAATCA," 	
>chr1:113083915+113084085 171bp ATGGATGCAGCACACCAAT ACCCCAGACCAAACAAATCA
ATGGATGCAGCACACCAATgtggcacatctatacatatgtaacaaacctg
cacgttgtgcacatgtaccctagaacttaaagtataataataataataat
aataataataataataataataataatattggccttatcccagtgattct
cTGATTTGTTTGGTCTGGGGT"
32,AAT253,CCATTTCCCCACTGAAAGAC,AGCCCAGCCATGATTTGTAG,">chr12:128321080-128321260 181bp CCATTTCCCCACTGAAAGAC AGCCCAGCCATGATTTGTAG
CCATTTCCCCACTGAAAGACagtttctccaagatgtttaatcttaagcag
tgtcatcataagggcaaaagaaatgttggcattattattattattattat
tattattattattattattatttttcaaaaatggcagcctggacagggac
ctcagctcctcCTACAAATCATGGCTGGGCT"
33,AAT255,CCCACAGCACCAGTACATTG,AGGTCAAGGCTGCAGTAAGC,no match
34,AAT256,TGGCCTTACAGAGCCCTAGA,TGAGGCATGAGAATTGCTTG,">chr6:11700858-11701053 196bp TGGCCTTACAGAGCCCTAGA TGAGGCATGAGAATTGCTTG
TGGCCTTACAGAGCCCTAGAgacaaattcattttgcttttttgttttatt
attgttattattattattattattattattattattattattatttgaga
tggactattgctctgtcaccctggctggagtgcagtggcgtgatctcggc
tcactgcaatctctacctcctgggttCAAGCAATTCTCATGCCTCA"
35,AAT257,AGCTACTCCGGAGGCTTAGG,TGGGATGAGGATGTCACAAA,">chr19:48602767-48602984 218bp AGCTACTCCGGAGGCTTAGG TGGGATGAGGATGTCACAAA
AGCTACTCCGGAGGCTTAGGcaggagaatcgtttgagccagggaggcggc
ggttgcagtgagctgagatcgttccactgcactctagcctgggtgacaga
gcaaggctgtctcaaaataataataataataataataataataataataa
taataataaacaataaataaatacattcctgaagtggaatttatttatTT
TGTGACATCCTCATCCCA"
36,AAT258,AAGATTGCGCCATAGCACTC,GCACAAGCCACAAAAACAAA,">chr1:53798091-53798237 147bp AAGATTGCGCCATAGCACTC GCACAAGCCACAAAAACAAA
AAGATTGCGCCATAGCACTCcagcctggccacagagtgagactctatctc
aaaataataataataataataataataataataataataataataataaa
aagaagatggaatcctaatgcaatgtgTTTGTTTTTGTGGCTTGTGC"
37,AAT259,CCCATCTCCTGGGCTAGAA,GGACACAGGAAGGGGAACTT,">chr1:85824847+85825125 279bp CCCATCTCCTGGGCTAGAA GGACACAGGAAGGGGAACTT
CCCATCTCCTGGGCTAGAAgaagagattgcatacataggctaacaatatt
tattcttttattattattattattattattattattattattatacttga
agttttagggtacatgtgcacaatgtgcaggttagttacatatgtataca
tgtgccatgctggtgtgctgcactcactaacttgtcatctagcattaggt
atatcccccaatgctatccctctcccctccccccaccccacaacagtccc
cagagtgtgAAGTTCCCCTTCCTGTGTCC"
38,AAT261,TCTTTTCTCCAGCCACATCC,GATCGCGCCATTGAACTC,">chr9:92357425+92357561 137bp TCTTTTCTCCAGCCACATCC GATCGCGCCATTGAACTC
TCTTTTCTCCAGCCACATCCctttgatcatctccctcattattattatta
ttattattattattattattattattattattattttgagatggaatttc
actcttgttgcccaggctgGAGTTCAATGGCGCGATC"
39,AAT262,AGCCTGGGTGACAGAGTGAT,GCCTGGCTTTCAGCAGTTAG,no match
40,AAT264,ACGAGTTAGTGGGGGCAGT,CACATTGGGCCACACATAAA,">chr3:38341288-38341475 188bp ACGAGTTAGTGGGGGCAGT CACATTGGGCCACACATAAA
ACGAGTTAGTGGGGGCAGTgcactagcatggcacatgtatacttatgtaa
ctaacctgcacattgtgcacatgtaccctaaaacttaaagtataataata
ataataataataataaaaagattttgggggggatttttattttagctcat
cagctatcattggtgtatTTTATGTGTGGCCCAATGTG"
41,AAT265,CTGAGATCATGCCACTGCAC,AAACAGTGTATGTTTATGCTGCAC,no match
42,AAT268,GTTTGGTCCTGGGTGCTTTT,GAGGAATCAAATCTAATCACCTCA,">chr11:63293922+63294056 135bp GTTTGGTCCTGGGTGCTTTT GAGGAATCAAATCTAATCACCTCA
GTTTGGTCCTGGGTGCTTTTtaaaattattacttatttatttatttatta
ttattattattattattattattattattattttggttgataggcttgtt
gggtgtttttcTGAGGTGATTAGATTTGATTCCTC"
43,AAT269,GTCGAATGATGGCTTTCCTG,CCCAGTGCCCATACACTTTT,">chr20:49340056-49340296 241bp GTCGAATGATGGCTTTCCTG CCCAGTGCCCATACACTTTT
GTCGAATGATGGCTTTCCTGggctccagggatgtttgctttcagggaccc
tccctctagcttgtgactgcactgtataaagacaagtaaaatccaggctg
gatttgtgatccactaatattattattattattattattattattattat
tattattatagcatcagtttttttcttctggttttaaaagaaattaaaat
taaaatgtctttgtgggccctAAAAGTGTATGGGCACTGGG"
44,AATA011,GAACTCGGGAGGTGGAAGTT,GCAGTGCCATTAAAGAACCAA,">chr1:238662159+238662411 253bp GAACTCGGGAGGTGGAAGTT GCAGTGCCATTAAAGAACCAA
GAACTCGGGAGGTGGAAGTTgcagtgagccaagatcgcgccactgcactc
cagcctggcgacagagtgagactccgtctttaataaataaataaataaat
aaataaataaataaataaataaataaatataaattcctacttccttatat
attgtaaaattatttctttttgcagatatctaagttagcctaatgtattt
cacttagtctgttggataatggttatttttctTTGGTTCTTTAATGGCAC
TGC"
45,AATA019,GGTGGGAAGACTCCCTTAGC,CGCACACTGTTACCCTGAAA,">chr8:29998206+29998407 202bp GGTGGGAAGACTCCCTTAGC CGCACACTGTTACCCTGAAA
GGTGGGAAGACTCCCTTAGCtcaggagttcaagatcagcctatgcagtgt
agcaaaacccctatcaataaataaataaataaataaataaataaataaat
aaataaataaataaataaaataggtccagttagccactcaggatccatct
cgaaggaatagctctttcaggttcacatttgtTTTCAGGGTAACAGTGTG
CG"
46,AATA045,GAGGAGGTCAAGGCTGTGAG,GGGGAACATGTAGCATCTGTG," 	
>chr4:182055272+182055405 134bp GAGGAGGTCAAGGCTGTGAG GGGGAACATGTAGCATCTGTG
GAGGAGGTCAAGGCTGTGAGccatgatggtgccactgcactccagcctgg
gcaacagagcaagaccatgtctcaaaacaataaataaataaataaataaa
taaatagacctccCACAGATGCTACATGTTCCCC"
47,AATA053,ACACCACTGCACTCCAGCTT,AAGCCCACCGTTAGCAAGTA,no match
48,AFM026tg9,CCCTGCCAGGTGTGCATCTG,ACTAATAGCTCCCTCGTGGCTCT,">chr9:516950+517076 127bp CCCTGCCAGGTGTGCATCTG ACTAATAGCTCCCTCGTGGCTCT
CCCTGCCAGGTGTGCATCTGagtgtggtttctattcttcatcaccctcta
cacacacacacacacacacacacacacatccgtcttgtgttttttggtgg
gctcAGAGCCACGAGGGAGCTATTAGT"
49,AFM049xd2,GTTTTCTCCCTGGGACATTT,TATTCATTTGTGTGGGCATG,">chr16:23026330-23026469 140bp GTTTTCTCCCTGGGACATTT TATTCATTTGTGTGGGCATG
GTTTTCTCCCTGGGACATTTcaaatttcaaatctctgggactctgaaacc
atttcaaaagcctttattgtcctaacacacacacacacacacacacacac
acacacacacacacacacacCATGCCCACACAAATGAATA"
50,AFM059xa9,CGGCCCTAGGATATTTTCAA,CCAGTTTTTATGGACGGGGT,">chr3:186505690-186505805 116bp CGGCCCTAGGATATTTTCAA CCAGTTTTTATGGACGGGGT
CGGCCCTAGGATATTTTCAAttaagaaaagaatgctggatagccaaagtg
aaaatacacacacacacacacacacacacacacacacacacacaaaACCC
CGTCCATAAAAACTGG"
51,AFM077xd3,GTTCATAGAGGGACAAGACACAGT,CCATGATGTTTGGTTAATCACA," 	
>chr20:578614+578711 98bp GTTCATAGAGGGACAAGACACAGT CCATGATGTTTGGTTAATCACA
GTTCATAGAGGGACAAGACACAGTcacatgggcacacatgtacacacaca
cacacacacacacacacacacacaaaTGTGATTAACCAAACATCATGG"
52,AFM157xg3,AGGTGGCCCTGAGTAGGAGT,TTTGAGGGAATGATTTGGGT,">chr4:13749322+13749542 221bp AGGTGGCCCTGAGTAGGAGT TTTGAGGGAATGATTTGGGT
AGGTGGCCCTGAGTAGGAGTaactttgtcattacacacccagcacacatc
tttcaattgccaactcccccccagacacacacacacacacacacacacac
acacacgaattactagtgtttcagaggttttgagttatgagtaacttttt
gatgagacaagtcagtactgggaattttttttgtataaagttcaaaaagt
cACCCAAATCATTCCCTCAAA"
53,AFM164xb8,ACAACTTCCAACCCTGAGAT,ACTGTGCCTAGCCTTCATTT,">chr5:180561239-180561493 255bp ACAACTTCCAACCCTGAGAT ACTGTGCCTAGCCTTCATTT
ACAACTTCCAACCCTGAGATgacagaaacagaattacccaaccaagacaa
aggaatcatgacaaaaatgcttcaatgagaaattaaaaacatgcttgaaa
acacacacacacacacacacacacacacacacacacaaaacacacaagaa
aacaggaagactgagcaaagaaacaaagttcaggcaaataaaacatttaa
aaccaaatgggaatattagaactgaaaaataaaatAAATGAAGGCTAGGC
ACAGT"
54,AFM193xh4,GACCATGATTAAGCAAAACAAA,TCGCTCAGAAACAAACCAA,"	
>chr8_KZ208915v1_fix:3975655+3975878 224bp GACCATGATTAAGCAAAACAAA TCGCTCAGAAACAAACCAA
GACCATGATTAAGCAAAACAAAtaacacaaaacaaaaatcttcctatttc
ccagagtcctgggtttatcacaaatgctattaaggttacgagttttgtcc
tttgataaaagaagaaccacgtttggaaattgtcattaccctttattttt
caacacacacacacacacacacacacacacacacacacacacacacactc
ctacaTTGGTTTGTTTCTGAGCGA
>chr8:9375653-9375864 212bp GACCATGATTAAGCAAAACAAA TCGCTCAGAAACAAACCAA
GACCATGATTAAGCAAAACAAAtaacacaaaacaaaaatcttcctatttc
ccagagtcctgggtttatcacaaatgctattaaggttacgagttttgtcc
tttgataaaagaagaaccacgtttggaaattgtcattaccctttattttt
caacacacacacacacacacacacacacacacacactcctacaTTGGTTT
GTTTCTGAGCGA"
55,AFM217xd6,GCATCTACAGGGGGTGTCT,GGAACTGTGACAGCAAGGCTG,">chr3:4007306+4007571 266bp GCATCTACAGGGGGTGTCT GGAACTGTGACAGCAAGGCTG
GCATCTACAGGGGGTGTCTttgtgtctcggaggattgttgcaaaagagtt
cataaatgtgcagttccctatcttccccaacccttcaaagatgggaaaga
acttcatttagatgttccatcctaccccgtttttttactgatctgggcaa
taccaggtccccttaacacacacacacacacacacacacacacacacaca
cacacacacacacacacacttcctgcaatatattgtgctgaaaatCAGCC
TTGCTGTCACAGTTCC"
56,AFM242zg5,CACCAGCGTTAGAGACTGC,GCAAATGGAGCATGTCACT,">chr6:161774282+161774507 226bp CACCAGCGTTAGAGACTGC GCAAATGGAGCATGTCACT
CACCAGCGTTAGAGACTGCtgtgtgttgacagcccgtttgctttttctcc
ttggcacagggccagatcctgtttcctcccccatcctttctactccctga
gcacacacacacacacacacacacacacacacacacacacacacacacac
acggcgtggctaggcagggccatgtggctgagttctggtacaaggaacgt
ggaaataAGTGACATGCTCCATTTGC"
57,AFM248vc5,GTTTACGCCTCATGGATTTA,GGGCACACAGTCCCAA,">chr15_KI270905v1_alt:3254167+3254368 202bp GTTTACGCCTCATGGATTTA GGGCACACAGTCCCAA
GTTTACGCCTCATGGATTTAaacatctaaatagagaaacataattacaaa
aaattaaaattagcaagaaactccaaaaatgcatgggtggctcaaagagg
tacatcaaaaaaacaacacacacacacacacacacacacacacacacaca
cacacacacacacaaactgtgtttaagtaaaatggtTTGGGACTGTGTGC
CC
>chr15_KN538374v1_fix:3141715+3141916 202bp GTTTACGCCTCATGGATTTA GGGCACACAGTCCCAA
GTTTACGCCTCATGGATTTAaacatctaaatagagaaacataattacaaa
aaattaaaattagcaagaaactccaaaaatgcatgggtggctcaaagagg
tacatcaaaaaaacaacacacacacacacacacacacacacacacacaca
cacacacacacacaaactgtgtttaagtaaaatggtTTGGGACTGTGTGC
CC
>chr15:30968420+30968615 196bp GTTTACGCCTCATGGATTTA GGGCACACAGTCCCAA
GTTTACGCCTCATGGATTTAaacatctaaatagagaaacataattacaaa
aaattaaaattagcaagaaactccaaaaatgcatgggtggctcaaagagg
tacatcaaaaaaacaacacacacacacacacacacacacacacacacaca
cacacacaaactgtgtttaagtaaaatggtTTGGGACTGTGTGCCC"
58,AFM254ve1,GGAAGTTTCAGCCAACG,TTAGTCCCACTGATGTTACATTT,">chr3:197291236+197291379 144bp GGAAGTTTCAGCCAACG TTAGTCCCACTGATGTTACATTT
GGAAGTTTCAGCCAACGatgtgatccatatcctgttttccttactcaaat
ctagcctacaaagttacacacacacacacacacacacacacacacacaca
cacacagttagcaagagactaAAATGTAACATCAGTGGGACTAA"
59,AFM273yf9,GCTGTGTGTAAGTGTGTTTTATATC,GCAAGCCAGTGGAGAG," 	
>chr15:24885653-24885851 199bp GCTGTGTGTAAGTGTGTTTTATATC GCAAGCCAGTGGAGAG
GCTGTGTGTAAGTGTGTTTTATATCctgatagtaaaaatatggccatgca
acacgtgggctacaggctaataaaaacaatattcacacacccagacatac
acacacacacacacacacacacacacacacacacagccccagattccttc
ctggaaaatccttcgttctcatcagcctctgctCTCTCCACTGGCTTGC"
60,AFM309va9,ATATATGCACATCCATCCATG,GGCCAAAGATAGATAGCAAGGTA," 	
>chr13:112141119+112141214 96bp ATATATGCACATCCATCCATG GGCCAAAGATAGATAGCAAGGTA
ATATATGCACATCCATCCATGcacacacacacacacacacacacacacac
acacacacacacaggtatatagtTACCTTGCTATCTATCTTTGGCC"
61,AFM345ta9,ACTATTGTTGGAGGCAGG,TTAACTTTTGGGGACAGAA," 	
>chr9:3859269+3859443 175bp ACTATTGTTGGAGGCAGG TTAACTTTTGGGGACAGAA
ACTATTGTTGGAGGCAGGatggggaactcagaaccccattttctaagtgt
ctgcacctactttccaaccctgtttcttcgaaacacacacacacacacac
acacacacacacacacacacacacacacacacatcaaaatgaatatgttc
tgaataTTCTGTCCCCAAAAGTTAA"
62,AFM350vd1,CCTCCAGAAACGTGAGAT,GGTGCCATCCTGACAGA,">chr16:79090251-79090417 167bp CCTCCAGAAACGTGAGAT GGTGCCATCCTGACAGA
CCTCCAGAAACGTGAGATaactgaatgaacggatgaatgaatgaaatata
taactatatactgagcatggctttagacaccaatgcaacacattatatca
cacacacacacacacacacacacacacacacacacacgcacacagtagaa
TCTGTCAGGATGGCACC"
63,AFMa127ye5,GGCATTTCAGAGGACC,TGCAAAGATGGGCTCAG,">chr8:21744457+21744606 150bp GGCATTTCAGAGGACC TGCAAAGATGGGCTCAG
GGCATTTCAGAGGACCgcttccaaatgaggcctggtagggacacagttta
gagaacaacagaatcatcctcccacgaccccccaaccaccaccaacacac
acacacacacacacacacacacacacacacaatCTGAGCCCATCTTTGCA"
64,AFMa218yb5,ACTTCAAGTTATGTGTGGCACAA,GCCCAGACTCTGACACCTTT,">chr20:8881297-8881428 132bp ACTTCAAGTTATGTGTGGCACAA GCCCAGACTCTGACACCTTT
ACTTCAAGTTATGTGTGGCACAAtaaggctaaagactcagaataagatga
atagcggtatctacaaatgcacacacacacacacacacacacacacacac
gggtcttttgaaAAAGGTGTCAGAGTCTGGGC"
65,AFMa272xc9,CCTTCTGCACCGTAACAC,CCCCTTAAAGGAACTTGTC,">chr1:247967000+247967118 119bp CCTTCTGCACCGTAACAC CCCCTTAAAGGAACTTGTC
CCTTCTGCACCGTAACACcttttgtgcatgcaaacacaccacacaccaca
cacacacacacacacacgaggtgcacacccggggccacccaggcacttct
GACAAGTTCCTTTAAGGGG"
66,AFMb002vd5,CCAGGAGTTTTAAGTTGGTTAC,AGAAATTGCTATTATTTTGCATAC,">chr12:132742133+132742258 126bp CCAGGAGTTTTAAGTTGGTTAC AGAAATTGCTATTATTTTGCATAC
CCAGGAGTTTTAAGTTGGTTACcaaatgccattcttatgttgaagtacag
atacacacacacacacacacacacacacacacacacacaaaaagaatcac
atGTATGCAAAATAATAGCAATTTCT"
67,AFMb002zf1,AGCTCCTATATGTCTTCACACAG,CTCCATTCCCATACGTCC,">chr14:105511641+105511763 123bp AGCTCCTATATGTCTTCACACAG CTCCATTCCCATACGTCC
AGCTCCTATATGTCTTCACACAGattcctcaattgttaacatttcacctg
accattctctacacacacacacacacacacacacacacacacacacgcgt
gtgatGGACGTATGGGAATGGAG"
68,AFMb035xb9,AACCTCAAGTCTACATTCATAGCGG,CGTTCCAACTGTCACCAGC,">chr7_KI270804v1_alt:121637-121778 142bp AACCTCAAGTCTACATTCATAGCGG CGTTCCAACTGTCACCAGC
AACCTCAAGTCTACATTCATAGCGGtgtctactcagaggacacaggaaaa
cacacacacacacacacacacacacacccccgggagtccttgcaaatggt
cccaggcttcatgagaagtccgtGCTGGTGACAGTTGGAACG
>chr7_ML143352v1_fix:137909-138062 154bp AACCTCAAGTCTACATTCATAGCGG CGTTCCAACTGTCACCAGC
AACCTCAAGTCTACATTCATAGCGGtgtctactcagaggacacaggaaaa
cacacacacacacacacacacacacacacacacacacacacccgggagtc
cttgcaaatggtcccaggcttcatgagaagtccgtGCTGGTGACAGTTGG
AACG
>chr7_KI270899v1_alt:154542-154695 154bp AACCTCAAGTCTACATTCATAGCGG CGTTCCAACTGTCACCAGC
AACCTCAAGTCTACATTCATAGCGGtgtctactcagaggacacaggaaaa
cacacacacacacacacacacacacacacacacacacacacccgggagtc
cttgcaaatggtcccaggcttcatgagaagtccgtGCTGGTGACAGTTGG
AACG
>chr7:162221-162374 154bp AACCTCAAGTCTACATTCATAGCGG CGTTCCAACTGTCACCAGC
AACCTCAAGTCTACATTCATAGCGGtgtctactcagaggacacaggaaaa
cacacacacacacacacacacacacacacacacacacacacccgggagtc
cttgcaaatggtcccaggcttcatgagaagtccgtGCTGGTGACAGTTGG
AACG"
69,AFMb303zg9,ACCCAGCTACTGAGGAGGCTT,GCTTCTGCACTTTGTAGAACCAAAT,">chr9:137742264-137742428 165bp ACCCAGCTACTGAGGAGGCTT GCTTCTGCACTTTGTAGAACCAAAT
ACCCAGCTACTGAGGAGGCTTgagtgggagggagggtttgcttcattcca
ggagttcaagcccagcctgggaaacacagtgagaccccctttacttacac
acacacacacacacacacacacacacacacacacacacaaATTTGGTTCT
ACAAAGTGCAGAAGC"
70,AFMb318yf1,ATGGGGGCTCTATGGCTTATCA,GCTCAAATGCTCAAAAAGTAGCACC,">chr3:64770607-64770778 172bp ATGGGGGCTCTATGGCTTATCA GCTCAAATGCTCAAAAAGTAGCACC
ATGGGGGCTCTATGGCTTATCAtgtaattaaagaataaattatcatagac
cagtgacaggatatctacacacacacacacacacacacacacacacacca
ggggtggggtatattcattctttcatttattcaacaagtattccttgGGT
GCTACTTTTTGAGCATTTGAGC"
71,AGAT017,CCAGTTCCTGTGGCCTATGT,AGGCAAATGGAGAAGCAGAA,">chr1:51173925+51174188 264bp CCAGTTCCTGTGGCCTATGT AGGCAAATGGAGAAGCAGAA
CCAGTTCCTGTGGCCTATGTtttaagatgatagatagacagatagataga
tagatagatagatagatagatagatagatagatatacttttatataaata
tagttttttctgagagcaaccttactcagaattatgaagtgtatttgcag
tagctgttctaaaatctgtgtctgctaataccatcatctctgtcatttct
gtctttcttttgattgatttttttcctagttaaaggtcatatttTTCTGC
TTCTCCATTTGCCT"
72,AGAT030,GAGGGGCACAAGAATGATGT,TTGCCAAAGAATTCACCTGT,">chr5:54003573-54003774 202bp GAGGGGCACAAGAATGATGT TTGCCAAAGAATTCACCTGT
GAGGGGCACAAGAATGATGTttctaaatttctcaagtttaattccaggcc
aaagtagagatagatagatagatagatagatagatagatagatagataga
tagatagatagaaagaaaatattttctgactgacattctgacattccatt
ccagtcctttagatgttagactacaaacaatcACAGGTGAATTCTTTGGC
AA"
73,AGAT049,TCACAGTAGCCAAGATGTGGA,CCAGCCAGGACTTCCTTTTT,">chr7:147933392+147933588 197bp TCACAGTAGCCAAGATGTGGA CCAGCCAGGACTTCCTTTTT
TCACAGTAGCCAAGATGTGGAaataacctaaatgtctatcaaaagatgaa
tggatacagaaaatatggtatatatgtatatatgaatggatacagaaaat
gtgagatagatagatagatagatagatagatagatagatagatagataga
tataacagaatatcattcagccttaagAAAAAGGAAGTCCTGGCTGG"
74,AGAT057,AGGCTGAGGTGGGAGAGAAT,CCGTCCACCAGGTCTAAAAA,no match
75,AGAT060,CATGTAAGATTTTGCTGCCAGA,TACCATGCCAAGGACATCAA," 	
>chr18:6313944+6314221 278bp CATGTAAGATTTTGCTGCCAGA TACCATGCCAAGGACATCAA
CATGTAAGATTTTGCTGCCAGAcaaaaaaggaatcaaatacaagagacca
ttaaatacataggagatgaatgttatacagatggatggcagatgatagat
agatagatagatagatagatagatagatagatagatagatagtctaacac
acagaaaaacagacttaaagagagattttgtataatcctttataatgtca
atgcaaagagcatattctactcaaccgaataggacatttcttttgaaata
aacctaacTTGATGTCCTTGGCATGGTA"
76,AGAT073,TTTGCAGACTCCTGGTAGGG,AAACATGACTGAAATCAAAATACTTG,">chr15:93295291+93295502 212bp TTTGCAGACTCCTGGTAGGG AAACATGACTGAAATCAAAATACTTG
TTTGCAGACTCCTGGTAGGGacttaaaaggatttgctcttcttaagagtg
gcacttactaaaaatctcaaaaatattcacactctctgacctacaaattc
caagtcttggcatcccaggaaaagatagatagatagatagatagatagat
agatagatagatagatatggacacaaagattacataCAAGTATTTTGATT
TCAGTCATGTTT"
77,AGAT084,GGTGACGGTCATTGTGAGAA,ATCACACCACTGCACTCCAA,
78,AGAT093,ATCCTGCAGCTGTGGTTTCT,AGTGCTGTGACGCAGTCTTG," 	
>chr2:151285325+151285555 231bp ATCCTGCAGCTGTGGTTTCT AGTGCTGTGACGCAGTCTTG
ATCCTGCAGCTGTGGTTTCTgattgatgattgagatagatagatagatag
atagatagatagatagatagatagatagataaatagacagacagatagaa
atacctatgtgtgattacccaggcatggtggcatgcacctgtaatcctag
ctactcgggaggctgaggcaggagaatcgcttgaagccgggaggcagagg
ttgcagtgagtCAAGACTGCGTCACAGCACT"
79,AGAT113Z,GGCTCCTGAAAGATTAAAGAAGG,CGCTACCACGGGTGTTTTTA,">chr13:111637289+111637473 185bp GGCTCCTGAAAGATTAAAGAAGG CGCTACCACGGGTGTTTTTA
GGCTCCTGAAAGATTAAAGAAGGcaaacttctgaatattttgtaattaca
gatagataaatagatagatagataaatagatagatagatagatagataga
tagatgacagatagagaggcagagagatgcatgtatgtgatatgcctcct
accttaaccatctcaTAAAAACACCCGTGGTAGCG"
80,AGAT114,TTCCATGCTTTGGAAAAACTG,AGGCCGTGTAGCTGTGAAAT,">chr12:79251823+79252127 305bp TTCCATGCTTTGGAAAAACTG AGGCCGTGTAGCTGTGAAAT
TTCCATGCTTTGGAAAAACTGattcaaaacgtgtctaatatgctgacttc
aactaagtgtatagtaactgataaatatctcctaatggagttttattttt
ttttccaataacagtgttatggtagttgaatatatgtttttcttaacaag
atagatgattgatagatagatagatagatagatagataatatatagacag
atgtgtatctatatatctatggatatttgaagagcaaaaatttacagatt
tatgacatggtagagcatgttagttaccagcatagATTTCACAGCTACAC
GGCCT"
81,AGAT116,AAGGAAAAAGCAAATTCACATTG,CATCATCCGCAAAATGAGG,">chr14:33284663+33284873 211bp AAGGAAAAAGCAAATTCACATTG CATCATCCGCAAAATGAGG
AAGGAAAAAGCAAATTCACATTGcataatatgtattgtttatgtgtactt
tctatgtacctgtcactggtctacatatttcatatctatatatctatatc
tatatctatctatctatctatctatctatctatctatctatctatctatc
tatataatcttctcaacatctgcctgtagtagttataagctcCCTCATTT
TGCGGATGATG"
82,AGAT117,TAAACAATTCCGGATGAACG,AGTGCGGTGGCTTACACCT,">chr2:31854184+31854517 334bp TAAACAATTCCGGATGAACG AGTGCGGTGGCTTACACCT
TAAACAATTCCGGATGAACGgtcatctccccttttcttcaccaaaatttc
ccatgactgtgtgatgttatgttcctaaagttgcataagttttttccaag
gtccagactcattaatgtctgtttaaaactatctaatctccatcatctat
ctttatctctatctatctatctatctatctatctatctatctatctatct
atctatctatctatctatgttttcgtagagatggggtctttgttttccag
actggtctcgaactcctggcctcaatcaatcctcccacctcagcctccta
aactgtgggtattacAGGTGTAAGCCACCGCACT"
83,AGAT120,CTGGGCAACAAAGTGAGACC,TTGTCTGTCATCTATCTACCCATC,">chr22:20986331+20986602 272bp CTGGGCAACAAAGTGAGACC TTGTCTGTCATCTATCTACCCATC
CTGGGCAACAAAGTGAGACCctgtctaggaagatagatagacagatgata
gatagatagatagatagatagatagatagatagatagaaagaaagataga
tagatgatagaaagacaaagagagatgatagatagatgataggtagatta
gacagatagatgacagatagatagatagtggatagatgatagatgacaga
tcgatagatagatgataggtagatgataggtaggtagattagatagatGA
TGGGTAGATAGATGACAGACAA"
84,AGAT127,CCACCAGGCCTAGGCTAAA,AACCAATTTCCCTTCCACTTC,">chr18:9857574-9857760 187bp CCACCAGGCCTAGGCTAAA AACCAATTTCCCTTCCACTTC
CCACCAGGCCTAGGCTAAAatgaatatctatatctatctatctatctatc
tatctatctatctatctatctatcatctatctatctatctatctatctat
ctatctatctatctatctatattattggctagttagtgtattcatttgct
aaggaaccagtaattaGAAGTGGAAGGGAAATTGGTT"
85,AGAT128,CACTGCACTCCACCTTAGGC,ACACCCTCCTCTGGAATCCT,">chr3:62521930-62522195 266bp CACTGCACTCCACCTTAGGC ACACCCTCCTCTGGAATCCT
CACTGCACTCCACCTTAGGCtgaatgagaccctgtctcaatagttagata
gatagatagatagatagatagatagatagatagatagatagatagataga
gctttgaggatgcgacctttcacaattctaagaaacagacaagatcaaaa
actactgacctgtaaggacagtctggtcaaggcacagctgctggaacaag
caaattccgtctgtttattctagccttgtatcatttattcaacgtaAGGA
TTCCAGAGGAGGGTGT"
86,AGAT133,AGGACAAGCTTGGGACAATC,ATTGCACTTGCTGAGGGAAT,">chr7:119861505+119861810 306bp AGGACAAGCTTGGGACAATC ATTGCACTTGCTGAGGGAAT
AGGACAAGCTTGGGACAATCatttagttctcaattctttagttttaaatg
tatacacaaagatagatagatagatagatagatagatagatagatagata
gatagatagatatagatagacagatagacaggtatgaaagcaaaatacat
atacacacaaacacatacacaacctatatgcatatactgtatataactat
atatgtatgcatgcatgtatattaattaggtggtagctactaactggcac
ataaatttctctttgaagaaataattaagggaaataATTCCCTCAGCAAG
TGCAAT"
87,AGAT135,GAAGAGGTGGACCGACAAGT,GCAGAGGTTGCAGTGAACAG,
88,AGAT136,GCTTTGGAAAGCTGACCATT,TGGGTAAATGAAGAGATGGATG," 	
>chr20:5839445-5839674 230bp GCTTTGGAAAGCTGACCATT TGGGTAAATGAAGAGATGGATG
GCTTTGGAAAGCTGACCATTctataagcttttatggtctagggagcttga
gactaaagcttgcagtgtattttctgttatctgaacatgtacttccacac
atctgtggtatactttggtctgcttttctgtctatctgtctatctatcat
ctatctatctatctatctatctatctatctatctatctttctatctaatt
tatccattCATCCATCTCTTCATTTACCCA"
89,AGAT139,TCCCAAGCTTCTTGTCCAGT,TGTCCCTCTAGAGAACCCTGA,">chr20:15623610+15623906 297bp TCCCAAGCTTCTTGTCCAGT TGTCCCTCTAGAGAACCCTGA
TCCCAAGCTTCTTGTCCAGTaaaaccacaactcagaaatcttgcttaact
aagtttagcaagttatctgcctatctatctatctatctatctatctatct
atctatctatcgatgtgtctatgtatctatgtatctatcatctatctgcc
tatctatctatgtgtctatctatcatctatctactgtctatctctagata
aatatatagatatatacacataatgcatagtattcaatagtactatgtga
aaattatgttaaaggagatgtattagTCAGGGTTCTCTAGAGGGACA"
90,AGAT141,GATTGGCGTTCAAAAGAACC,ATGGCCTCAACACCTTTGTC,">chr1:202588802+202588961 160bp GATTGGCGTTCAAAAGAACC ATGGCCTCAACACCTTTGTC
GATTGGCGTTCAAAAGAACCgtaagatagatagatagatagatagataga
tagatagatagatagatagatatcaaggttccaagcttcaagtaaccaag
agtatatacggttatttcttggaagacaccaggtttaagtGACAAAGGTG
TTGAGGCCAT"
91,AGAT142P,ATCCCATGCTCTGGTGCTAC,GTTTCTTGACAGAACTTTTCCTTGGTTCA,">chr9:17274417-17274615 199bp ATCCCATGCTCTGGTGCTAC GTTTCTTGACAGAACTTTTCCTTGGTTCA
ATCCCATGCTCTGGTGCTACcaaaataaataaacacatgcatgcaaaata
aatacaaacatgcatgcatgtcctttcatgcatgtggatggatggataga
tagaaagatacatagatagatagatagatagatagatagatagatagata
gatagatagatattgatctaTGAACCAAGGAAAAGTTCTGTCttaAttt"
92,AGAT143,CCATTGCACTACAGAGCCTTC,GGAAGCCAGATTTTGACCAT,">chr1:63839269-63839489 221bp CCATTGCACTACAGAGCCTTC GGAAGCCAGATTTTGACCAT
CCATTGCACTACAGAGCCTTCttatactttttaaatgtttggaatatttg
tattacagacagattaatggataaatagatgccaaattagatagatagat
agatagatagatagatagatagatagatagatagatagatagatgatatg
gagacagacattcttttaccaaaacattacagaacagctcctcttagaaa
tATGGTCAAAATCTGGCTTCC"
93,ATA008,AAACCAACATGGCACACGTA,GGAGAAGCTGCTCACATTTTG,">chr1:18462957+18463128 172bp AAACCAACATGGCACACGTA GGAGAAGCTGCTCACATTTTG
AAACCAACATGGCACACGTAtacttaagtaacaaacctgcacgttgtgca
catgtaccctagaacttaaagtataataataataataataataataataa
taataaagaaatatgagcctgggacaaaggggtagagtaaaccaggagaa
aCAAAATGTGAGCAGCTTCTCC"
94,ATA009,TGACGAGTTAATGGGTGCAG,GGTCATCCAGTTGCTGGTTT,">chr1:233345634+233345903 270bp TGACGAGTTAATGGGTGCAG GGTCATCCAGTTGCTGGTTT
TGACGAGTTAATGGGTGCAGcaaaccaacatggcacatgtatacctatgt
atcaaacctgcaccttgtgcacatgtaccctagaactcaaagtataataa
taataataataataataataataataataaaagcacatttgttgtagttg
cagagctacacaagagctcagggacagatgctggcatcagcttcactccc
gggagttccccctgtgcatcctctacattggcaggaggctggcattgaga
AAACCAGCAACTGGATGACC"
95,ATA063,TGACGAGTTAATGGGTGCAG,CAAGAAGCCAACCATCAGGT,">chr16:83734635+83734924 290bp TGACGAGTTAATGGGTGCAG CAAGAAGCCAACCATCAGGT
TGACGAGTTAATGGGTGCAGcacaccagcatggcacatgtatacatatgt
aactaacctgcacattgtgcacatgtaccttaaaacttaaagtataataa
taataataataataataataaaaacagggattaaagcggggcaaggaaga
gaagttggtcagtaggaagcaggtggtcctttaggcaatcctgatggatg
aggggtctggctcctcattatccagaggcagtggtctggtaagtttcagc
tccttgattttatctgggagACCTGATGGTTGGCTTCTTG"
96,ATA069,CAAACCTGCATGTTCTGCAC,TTCATGGCATTTATGACTCCAC,">chr14:73309678+73309884 207bp CAAACCTGCATGTTCTGCAC TTCATGGCATTTATGACTCCAC
CAAACCTGCATGTTCTGCACatatatcccagaacttaaggtataataata
ataataataataataataataataataataaaaataggatccagaatgaa
gataagcactaagtacaagttgtcatagaggagaaaatttaggaaatata
aaatagaatgtagatttgaatatactaattcaagaGTGGAGTCATAAATG
CCATGAA"
97,ATA080,GCCTTTGAGAAAAATTGACAGG,CTGACACCATCATCCCCATT," 	
>chr12_GL383551v1_alt:148215-148408 194bp GCCTTTGAGAAAAATTGACAGG CTGACACCATCATCCCCATT
GCCTTTGAGAAAAATTGACAGGttgacatataagtaataataataataat
aataataataataataatacattgtcttcccacattgcctgcgtgcacat
catgcctccaccttctccctgtgactaatctcaaacagcacattcagcca
gtgcctcacctctgccatctgttaAATGGGGATGATGGTGTCAG
>chr12:126369370-126369563 194bp GCCTTTGAGAAAAATTGACAGG CTGACACCATCATCCCCATT
GCCTTTGAGAAAAATTGACAGGttgacatataagtaataataataataat
aataataataataataatacattgtcttcccacattgcctgcgtgcacat
catgcctccaccttctccctgtgactaatctcaaacagcacattcagcca
gtgcctcacctctgccatctgttaAATGGGGATGATGGTGTCAG"
98,ATA092,ATCCACGCAAAAGACCAAAT,AAAACACCATGAGGCAGGAT,">chr5_MU273355v1_fix:160676+160902 227bp ATCCACGCAAAAGACCAAAT AAAACACCATGAGGCAGGAT
ATCCACGCAAAAGACCAAATtaaaagcgaggagaaatacctaatgtaaat
gacaagttaatgggtgcagcacaccaacatggcgcatgtatacatatgta
acaaacctgcacgttgtgcacatgtaccctagaacttaaagtataataat
aataataataataataataataataataaagcgagggtgggtatctagcc
tattcttATCCTGCCTCATGGTGTTTT
>chr5:140925500+140925726 227bp ATCCACGCAAAAGACCAAAT AAAACACCATGAGGCAGGAT
ATCCACGCAAAAGACCAAATtaaaagcgaggagaaatacctaatgtaaat
gacaagttaatgggtgcagcacaccaacatggcgcatgtatacatatgta
acaaacctgcacgttgtgcacatgtaccctagaacttaaagtataataat
aataataataataataataataataataaagcgagggtgggtatctagcc
tattcttATCCTGCCTCATGGTGTTTT"
99,ATA103C03,AAGTCATAAGGATTTGGGGG,CCAGAAGTTTGAAGCTGTGG," 	
>chr16:57320450+57320599 150bp AAGTCATAAGGATTTGGGGG CCAGAAGTTTGAAGCTGTGG
AAGTCATAAGGATTTGGGGGggaagcaaaattcattattattattattat
tattattattattattattattagagacggggtcttgctttgccacccag
gatggagtgcagtagtgcagtcatggcttaCCACAGCTTCAAACTTCTGG"
100,ATA10H10,TTGGTATCAGAGAATTCCGG,GCTGAGATCGCACTGCTG,">chr16:11500457-11500634 178bp TTGGTATCAGAGAATTCCGG GCTGAGATCGCACTGCTG
TTGGTATCAGAGAATTCCGGgttcaagggtcagcaatgtgcctcccacct
gtgtgatcccaggcaagtgatttaaccttcctgagcttcttttctgatta
ttattattattattattattatttaggacggagtcttgctctgtcgccca
agctggagtgCAGCAGTGCGATCTCAGC"
101,ATA10H11,GGTGACAGAGACTCTTGTCTCA,CATTCTGGTTGGGGAACATA," 	
>chr3:49380651+49380774 124bp GGTGACAGAGACTCTTGTCTCA CATTCTGGTTGGGGAACATA
GGTGACAGAGACTCTTGTCTCAaaaataataataataataataataataa
taataataataataataataaatactcattatcaaaactatattgtctaa
agggTATGTTCCCCAACCAGAATG"
102,ATA18A07,AAGTCAGTTAGCTGAAGGTTGC,TATATGAAGTGCTTAGAAAAAGTGC,no match
103,ATA18C09,TCAAAGCTTACTGTAGAGGTATGG,CCTGGGAGAAAGTACTTCCA," 	
>chr9:31444464-31444602 139bp TCAAAGCTTACTGTAGAGGTATGG CCTGGGAGAAAGTACTTCCA
agtAAGCTTACTGTAGAGGTATGGctttaaaaataataataataataata
ataataataataataataataataatcagaatacattttgaatacaagtc
ctttgtcaaaattaggattTGGAAGTACTTTCTCCCAGG"
104,ATA19H08,TTCCAGAGTATTTGCTTAAGAGG,GCATTGTGGGATGAGGTATG,">chr14:60930138+60930364 227bp TTCCAGAGTATTTGCTTAAGAGG GCATTGTGGGATGAGGTATG
TTCCAGAGTATTTGCTTAAGAGGatatcctccttcgagatctttattact
aaagattcttcttccgtctttattattattattattattattattattat
tattattatttgagtctatttccttctctagataagcttttctaagtctg
ggaacatctcttgttcatttttgtttctccatctcactatactctaccct
gtcccctCATACCTCATCCCACAATGC"
105,ATA20B07,GATTGCTTTAGAAGTGGGCA,TGTAGGTTTTCACATGTTCAGC," 	
>chr10:50918804+50919043 240bp GATTGCTTTAGAAGTGGGCA TGTAGGTTTTCACATGTTCAGC
GATTGCTTTAGAAGTGGGCAattatagccactagagcatctatgtagatt
ttattttgtttcagtgctaactaggttctgaaggttgaggacctaaaatg
aaggagaatacaaaagatgtggaaagcaagcaaacaaatttataatgaat
ttcaaattaaataataataataataataataataataataataattggaa
aggaggaagagaggaacgGCTGAACATGTGAAAACCTACA"
106,ATA20F08,CCCTCTGTCTCCAGCTGTAA,TCACCCTCACATGATGCC," 	
>chr1:29838107-29838366 260bp CCCTCTGTCTCCAGCTGTAA TCACCCTCACATGATGCC
CCCTCTGTCTCCAGCTGTAActgacattaatggaactctagtttctaatc
ctttttgcaatttgaaaagtggtttatttggtccctgcagatggaggtac
actattagctctgctttgcttttcccctatcttaacgtggaggatgttta
taacaattgtgtacaaaaaatgttgtctcctagttaagcaataataataa
taataataataataataataataataatggtaccaaaaaaagGGCATCAT
GTGAGGGTGA"
107,ATA20G07,TTCCCTCACTATCTGCCTAA,TGTGAGCCAGACATTAAACA," 	
>chr5:127276+127537 262bp TTCCCTCACTATCTGCCTAA TGTGAGCCAGACATTAAACA
TTCCCTCACTATCTGCCTAAtttcttcttaactcctatatcattgtttct
gcttattgttggtttttattattattattattattattattattattatt
attataggctgcctctgtgccaaggcccagcctgaggtgtaaccgtaagg
tcatttcagttccttctgagcctggtcctttctttgagcatacatggtca
ttttctaattttccttgtatacatttttttaaaatgtcctagTGTTTAAT
GTCTGGCTCACA"
108,ATA21A03,TGCTTACCATAATCAACATTGA,TGCATCCACCTTTGCTATAA," 	
>chr10:55770131-55770336 206bp TGCTTACCATAATCAACATTGA TGCATCCACCTTTGCTATAA
TGCTTACCATAATCAACATTGAtatacattgtcttaaaaatacttaatag
tgttctttgttcaactaaataatagaggcattaactagtttcctagtgct
gccaaaagaaattgctacaaaatttgtggcttaaaataataataataata
ataataataataataataataatacaaatctctcaaTTATAGCAAAGGTG
GATGCA"
109,ATA21F01,GGTTTAAAAATACATCATGTGGC,ATGACCAAAATGAAAATCACTG,no match
110,ATA21H07,TACTTAAGACTTTGCTAAATTGCC,TTTTTCAGCATACACTGGAGG," 	
>chr3:164339408-164339524 117bp TACTTAAGACTTTGCTAAATTGCC TTTTTCAGCATACACTGGAGG
TACTTAAGACTTTGCTAAATTGCCtttaaataataataataataataata
ataaaataggaaacacttcctcccagccttgcaagggttggagcccCCTC
CAGTGTATGCTGAAAAA"
111,ATA22D02,CCACCTTTCAACTGTCCATT,CATCACACACCGGGGACT,">chr10:127462485-127462708 224bp CCACCTTTCAACTGTCCATT CATCACACACCGGGGACT
CCACCTTTCAACTGTCCATTtctttttattattattattattattattat
tattatactttaagttttagggtacatgtgcacaacgtgcaggtttgtta
catatgtatacatgtgccatgatggtgtgctgcacccattaactcatcat
ttagcattaggtatatctcctaatgctatccctccccgctcccgccaccc
cacaacAGTCCCCGGTGTGTGATG"
112,ATA22E01,GTACATTCTGCACACGTACCC,AGGACTGTAGGATTCCAAAGG," 	
>chr3:192599221+192599315 95bp GTACATTCTGCACACGTACCC AGGACTGTAGGATTCCAAAGG
GTACATTCTGCACACGTACCCcagaacttgaagtataataataataataa
taataataataataaagactgttaCCTTTGGAATCCTACAGTCCT"
113,ATA22G07,CGTTCTGCACATGTATCCTG,TGCTCTGTCTATGGAGTAGCC," 	
>chr6_KB021644v2_alt:13180+13310 131bp CGTTCTGCACATGTATCCTG TGCTCTGTCTATGGAGTAGCC
CGTTCTGCACATGTATCCTGgaacttaaagtattataataataataataa
taataataataataataataataaagcaagtttatgaagaaagtaaagga
ataaaagaatGGCTACTCCATAGACAGAGCA
>chr6:168809255+168809385 131bp CGTTCTGCACATGTATCCTG TGCTCTGTCTATGGAGTAGCC
CGTTCTGCACATGTATCCTGgaacttaaagtattataataataataataa
taataataataataataataataaagcaagtttatgaagaaagtaaagga
ataaaagaatGGCTACTCCATAGACAGAGCA"
114,ATA23G05,AGCTGGAGAGGGATAGCATT,TGCATTGCATGAAAGTAGGA," 	
>chr18:57229863+57230060 198bp AGCTGGAGAGGGATAGCATT TGCATTGCATGAAAGTAGGA
AGCTGGAGAGGGATAGCATTaggagaaatacctaatgtaaatgatgggtt
gaggggtgcagcaaaccaacatggcacatgtatacttatgtatcaaacct
gcacgttgtgcacatgtaccctagaacttaaagtataataataataataa
taataataataataataaactgtcagatTCCTACTTTCATGCAATGCA"
115,ATA24A08,GCAGCACTTGGCAAATACTC,CATCACTCAAGGCTCAAGGT,">chr15:91974137-91974421 285bp GCAGCACTTGGCAAATACTC CATCACTCAAGGCTCAAGGT
GCAGCACTTGGCAAATACTCtcaatacaggaatttacacaactcattttt
attcatgagtctgtctctgaaaactgcaagttcccccaggatacactgca
aatgctaagaaggcttagagaaataataataataataataataataataa
taataacaataatgaaaatggtgtccgtttaggtcaggctgacctcctat
gaagggacctggctttctggaacctgctgtcctggttcttatccttactg
ttggaccccaggctgACCTTGAGCCTTGAGTGATG"
116,ATA24F10,TCCTTTGTCAGTCATGCTCA,GTTACATAGGAAGCCCGGAT,">chr10:62995285+62995463 179bp TCCTTTGTCAGTCATGCTCA GTTACATAGGAAGCCCGGAT
TCCTTTGTCAGTCATGCTCAtacattttggaatctattcttggatggcat
atcacaatagctacttagctccagagacaacaaactaccacgttattatt
attattattattattattattattattattatattgtattcatgttcact
aagcattgaATCCGGGCTTCCTATGTAAC"
117,ATA25D12,ACCACCCATTTCCATAATTG,GCACAGCTTGAGGGTTTAAT,no match
118,ATA25E07,TAATTTTAATTTTCTCCAAATCTCC,TTTTGGATTCGAGGTTACCA,">chr1:106421043-106421155 113bp TAATTTTAATTTTCTCCAAATCTCC TTTTGGATTCGAGGTTACCA
TAATTTTAATTTTCTCCAAATCTCCaataataataataataataataata
ataataataataatgggtgttaagatagtatttgcaaacctcaTGGTAAC
CTCGAATCCAAAA"
119,ATA25F09,GGGTCAGCGAATATTTTCTT,TGGCTGACAGAGCCTAAAGT,">chr12:115644904-115645007 104bp GGGTCAGCGAATATTTTCTT TGGCTGACAGAGCCTAAAGT
GGGTCAGCGAATATTTTCTTttattattattattattattattattatta
ttattattattatacttaaggccggatagtaaatACTTTAGGCTCTGTCA
GCCA"
120,ATA26B08,ACTGGTATGTCCTAACCCCC,GATCTGCAGTTGGATTCTGG,">chr4:129376678+129376925 248bp ACTGGTATGTCCTAACCCCC GATCTGCAGTTGGATTCTGG
ACTGGTATGTCCTAACCCCCatttctgcacattattattattattattat
tattattattattatccttcaagtactcacttcaaatgaaattcctctat
gtaagtgccttctaaactatttccctattggtttttctttaccatatttc
tttgatatttccagagcacaaattttattctattcagagctattcaatga
cattgcatgctatgctcatttaaactcaCCAGAATCCAACTGCAGATC"
121,ATA27A06,TATGACGGTGCACCACATAC,AACCTGCATGTTCTGCATAT,">chr12:27494439+27494563 125bp TATGACGGTGCACCACATAC AACCTGCATGTTCTGCATAT
TATGACGGTGCACCACATACtagtctctttcttttttatttaatttaatt
tattattattattattattattattattattattatactttaagttctgg
gttacATATGCAGAACATGCAGGTT"
122,ATA27C07,CATGCACACCAAAACAAGAA,GCAACAAACCTGCACATTCT,no match
123,ATA27C11,GTTAATGGGTGCAGCGCC,TCAATTAGCTTGACCTGATGG,no match
124,ATA27D04,TAACTATGTCATCTAGCCAAATGA,AGTGGGTAGATCCTATGTGAGC," 	
>chr2:50606576-50606687 112bp TAACTATGTCATCTAGCCAAATGA AGTGGGTAGATCCTATGTGAGC
TAACTATGTCATCTAGCCAAATGAatatattctaatatatgaaagaagtt
ttattttattattattattattattattattgtatgagcaGCTCACATAG
GATCTACCCACT"
125,ATA27F01,GAGTTTGAAAATAAAGTGTTCTGC,CCCCACCCCTTTTAGTTTTA," 	
>chr21:37769324-37769485 162bp GAGTTTGAAAATAAAGTGTTCTGC CCCCACCCCTTTTAGTTTTA
GAGTTTGAAAATAAAGTGTTCTGCtactaaaaaaatatagtaataataat
aataataataataataataataaaattgaaggctacaggaccagatcagg
tcttacttaagtctttcacaactaagaaagtctgaagttgtaTAAAACTA
AAAGGGGTGGGG"
126,ATA27H09,CCAGGGACATTGCTTAACAT,GAGCAGGATTTGTAACCCTG,">chr2:158702419+158702570 152bp CCAGGGACATTGCTTAACAT GAGCAGGATTTGTAACCCTG
CCAGGGACATTGCTTAACATctcgtaggacagcccacccttttgcaataa
taataataataataataataataataataataataatataataatattgg
tattattatctggcccaaaacatcaatactgcCAGGGTTACAAATCCTGC
TC"
127,ATA28B11,CCTGATGGTCATGTGTCTGA,CGCTCATTTTATCTACCTAACC," 	
>chr6:76751621-76751883 263bp CCTGATGGTCATGTGTCTGA CGCTCATTTTATCTACCTAACC
CCTGATGGTCATGTGTCTGAatatttacatttgaatgagctgcacaaact
tatgtaaactttcatgtaatccctctatgtttagttctgtgccctttgtt
tagttccaacccattgatttttctgccatcaatgagttcagagtttctct
ggtaaaataataataataataataataataataataataataataataat
catctagaattgcattttgctaaacttataacctgaaagtaGGTTAGGTA
GATAAAATGAGgc"
128,ATA28G05,CACATTGGAGGGGTGATTTA,CCCTCAGAAAAGCCTTTAGC," 	
>chr15:87432834-87433080 247bp CACATTGGAGGGGTGATTTA CCCTCAGAAAAGCCTTTAGC
CACATTGGAGGGGTGATTTAtttaaaagtaaaatgctgtctgttaggtat
tataaaaaaaaaatctatcctatgtcccttatgaaatcctcagtgaaaac
tcagtatcattttattattattattattattattattattattattatta
tactttaagttttagggtacatgtgcacaacgtgcaggtttgttacatat
gtatgcatgtgccatgttggtgtgcgtGCTAAAGGCTTTTCTGAGGG"
129,ATA29C03,GACTCTGCTAAGCACATTTCC,GCACAGAAACAGGAAGTATGC,">chr10:120983179+120983303 125bp GACTCTGCTAAGCACATTTCC GCACAGAAACAGGAAGTATGC
GACTCTGCTAAGCACATTTCCtacataatttcacctgactttcctaataa
tcctatgagtaaatattattattattattattattattattattattgaa
actaGCATACTTCCTGTTTCTGTGC"
130,ATA29C07,TTTCTCACCTTTAAATGTCATCA,CCAGTACGCAGATGGTCCTA,">chr1:231814770-231815030 261bp TTTCTCACCTTTAAATGTCATCA CCAGTACGCAGATGGTCCTA
TTTCTCACCTTTAAATGTCATCAcaactttaggaaacaggttatatctta
tattattattattattattattattattattattattattattttacatt
ttaacatctctgaaacagggatgtgtcctacaatcaccatcagccaggaa
gtggtcaggatgcagtggttataactggattattttccctggcctggctg
accatctgcaaccccctggtgtttcaatgtacaaactatttTAGGACCAT
CTGCGTACTGG"
131,ATA29E07,AAGGCCCTGTCTCAATAATA,TTGACTATCTACTGAGCCATTG,">chr2:191125437-191125518 82bp AAGGCCCTGTCTCAATAATA TTGACTATCTACTGAGCCATTG
AAGGCCCTGTCTCAATAATAataataataataataataataaataatgag
gatccacagcCAATGGCTCAGTAGATAGTCAA"
132,ATA29G03,TTTAACTTACTGGCGCAGAT,ATTTGGAATAAGGCCTGACT,">chr14:34184588+34184691 104bp TTTAACTTACTGGCGCAGAT ATTTGGAATAAGGCCTGACT
TTTAACTTACTGGCGCAGATgacagagccagtaataataataataataat
aataataataataataacagcaaatattgcactgAGTCAGGCCTTATTCC
AAAT"
133,ATA2A03,CCACGTGACTTTCATTAGGG,ACACCATCATGGCGCATG,">chr4:84084287-84084442 156bp CCACGTGACTTTCATTAGGG ACACCATCATGGCGCATG
CCACGTGACTTTCATTAGGGcactcttgggatgcaaaaattcttttatta
ttattattattattattattattattattattatactttaagttctaggg
tacatgtgcacaacgtgcaggtttattacatatgtataCATGCGCCATGA
TGGTGT"
134,ATA31G11,GCTCCTGCGTACTGAGATA,GCACAGTACTTCTCCCTCCA,no match
135,ATA33B03,CCTGATCTGGAATGAACTCA,TAGTATCCACTTCCTGGGGT," 	
>chr11:4890959+4891064 106bp CCTGATCTGGAATGAACTCA TAGTATCCACTTCCTGGGGT
CCTGATCTGGAATGAACTCAgaataataataataataataataataataa
taataataataataataaaagtaaaaggactgggaaACCCCAGGAAGTGG
ATACTA"
136,ATA34E08,TGCACCACTTCATATTTCCA,CTACCTCATAGCCAGGAGG," 	
>chr11:25915437-25915599 163bp TGCACCACTTCATATTTCCA CTACCTCATAGCCAGGAGG
TGCACCACTTCATATTTCCAtcaacttgccagcatgtcagcatacaaatg
ataaattaggatcaaatatctgcccattctctccaataataataataata
ataataataataataataataattgtcttttataatgtagcagtCCTCCT
GGCTATGAGGTAG"
137,ATA34G06,GATCACAGGTTAATGGGTGC,GTTGTTTGCCCTACAACCTG,">chr3:121173229+121173462 234bp GATCACAGGTTAATGGGTGC GTTGTTTGCCCTACAACCTG
GATCACAGGTTAATGGGTGCagcaaaccaccatggcacgtgtatacttat
gtaacaaacctgcacgctttgtgcatttatcccagaacttaaaatataat
aataataataataataataataatgataatagaatagtgctctcacttca
gtaacaacaaaaaatgctggacaaactttaaattaacaacttttattaaa
cttatcagagaactCAGGTTGTAGGGCAAACAAC"
138,ATA37D06,GCTAGATTTTCCCCGATGAT,ATGTAAAGTGCTCTCAAGAGTGC,">chr22:37140258+37140413 156bp GCTAGATTTTCCCCGATGAT ATGTAAAGTGCTCTCAAGAGTGC
GCTAGATTTTCCCCGATGATagtagtctcattattattattattattatt
attattattattattattattactattattgttataaaaatattgccaat
catacattcgcgtgatcactcacactgtgccggGCACTCTTGAGAGCACT
TTACAT"
139,ATA38A05,TCATTATATTCAAAGGATGTTTGC,GAGGAAAGAACTCCCAAAGC,">chr1:165879519+165879679 161bp TCATTATATTCAAAGGATGTTTGC GAGGAAAGAACTCCCAAAGC
TCATTATATTCAAAGGATGTTTGCtttttattattattattattattatt
attttgtcagtagtagattagccctgaaaatttatgatgacttccagtgt
gatgaacttactcctccttatacagtaacgtggtctatgtgGCTTTGGGA
GTTCTTTtCTC"
140,ATA38B10,CCATATCAGGTGAATCTTGTAGG,CACGTTCAGGACATGTATTCC,no match
141,ATA42G04,TTGGCACACTATGGGTATCC,CTATGTGATGGAGGGAGGAA,
142,ATA42G12,AGCTAGGCACTTGATGATGG,ATGTTGTTCACATGTACCC,
143,ATA43A10Z,AAGCACAGAACTGTTTGGG,AGTAAGGGCCTGAAAAAGAC,
144,ATA44G07,GAGGAACTACTTCATATCCACTAGG,TGTGTGAGGGTTCCAATTCT,
145,ATA45G06,GGTGACAGAGCAAGACCTTG,GCCTCTTGTCATCCCAAGTA,
146,ATA47C04P,TCTCTCACACAAAAAAACCC,GTTTCTTAACATATCCTTCCCCTTCCA,
147,ATA47D07,TCGAGGCTGCAGTGAACTAT,TCAGATGACAGACAAACTCAGG,
148,ATA4E02,TACTCAGGAGGCAGAGATGG,CTGCTTTGGGTTTCACTTGT,
149,ATA50C05,TTTGGAAAGAATCTGTATTATCTTT,GCATAATGCACATGCCTGTA,
150,ATA55A05,AAGTGCCAAGCACAACATCT,ACTCTACTCCCGTCTGGGTG,
151,ATA55A11,AGAAGAATCACTTGGACCCA,CAGAAAATGGAGGGTAGCAA,
152,ATA57D10,AAGTGCACCTCCTGCACTAC,CTCACTGCTGACATGTGGAA,
153,ATA58A02,AAATGTCACTTTGCCAGAGG,GCAAACCCTAAATGCTCAAA,
154,ATA58E08Z,TGGGCAACGTAGCAAGATC,TTTCTGCATCCCTTTGCCTTTAA,
155,ATA59H06,AAAGCGAGACTCTGTCTCAA,CTACTGCTGGGAATACCAGA,
156,ATA5A04,TGCCACTGACTTCATTGCTA,TTCAGTCTTGATCTAGTGCTCC,
157,ATA5A09,GTGGGCCACAAAGCAAGACT,CACCCCACGTCTAGCTATAG,
158,ATA65H08,CCTGGAACAAGCAGCTACAT,CCATGTACTTCCCTGTTTGG,
159,ATA67B07,CTAACCCTCAGCAGAGTTCTG,CCTGGCAGTAAGTCCTGAAA,
160,ATA6C09P,ACTTGAATCCAGGCATTCAG,GTTTCTTAAAACTCAAGCTCAGAAAGGC,
161,ATA70B03,GACTTTGTAAGGTTTCTTTGTGG,GGCTGAGGTGGGAAGATC,
162,ATA73A08,ATGCAAATTCAGGCATGATT,TCCGTTGTCCCTCAACTTTA,
163,ATA73C05,AAATAAATCTGGACTTAAGGAGATC,TGAGGCAGCAGCAGAATC,
164,ATA77F05,GTTTTTACCTTCATGAATCTCTCC,AGGAGGATGCAGGTGAAAGG,
165,ATA78D02,GGCAAGAGTTTTCCCATTTT,GGCAAGAGAACTCACGTAA,
166,ATA79C10,GCCTTCATGGAGGTTACATG,GATGAGTGCAAAAAACCACC,
167,ATA7D07,ATCCCACAGGATGCCTATTT,ACGGGAGCTTTTGAGAAGTT,
168,ATA80B10Z,AGCACTGTGGCAGAGATTTC,GAAGTCAACCCTGAGTCAGG,
169,ATA82B02,TCCAGAGTTACTATTTTGGTAAAATG,AGAGGCTGAGGTGAAGGATT,
170,ATA85B10,TGTTCTGGGATCCATTTTTG,AGCCAAACCATGTCACTCAT,
171,ATA9B04,ACCCGTAATCTGTCTCTCCC,AGCCATGAAAACATCTGGA,
172,ATAA009,TTCCATTTCATCGTTGGACA,ACAAAGCCTGTTTGGTGGTC,
173,ATAA018P,GTTTCTTCTGGGTGACAGAGCAAGACC,CCCATTATTCTAACCTGACAAGG,
174,ATAC026,CCTGGGCAACAGAATGAGAA,CGTCCGACTCTCCTGTCTTC,
175,ATAG042,TTGCATTTTAGCCAAGGTTTG,CAAAGGACAGGAGGAGCGTA,
176,ATAG053,GGTGTGACATGGATTTGAGTTC,CAACAACCTCTTGGAATAACCA,
177,ATAG078,TGACAAAATTGGGGATTGGT,CCCGGAGTAAAATGCCTAGA,
178,ATAG089,TTGTAGTGAGCCGAGATGGA,GAAGCTAAGGGAGGCTGCAT,
179,ATC033,CAGGAGACAAGCACCCTCAT,GCAGGACTTGGCACACAGTA,
180,ATCC001,TGCCCTGTATTCTGTGTAGCA,GGACGTAACAGATACTATTTCGGAAG,
181,ATCT018,TGATGTTTGAAGGAAACCACA,GATGGTGCTACTGCACTCCA,
182,ATCT035,GCTCAAGAGTGGCAGGCTAA,TCAATCAGAAGGGGATTCTCA,
183,ATCT050,GGTCCCATTGTTCCAATACG,TCCAGCATCTTCCACTCCTT,
184,ATCT053,CCTGGGCAACAGAGAGACAC,TAAGACCAGTCGCACCCAGA,
185,ATGA020,CATGACAGCTGTGACCCACT,CAGCCGCGATTTTCTAATTC,
186,ATGG002,GCTCAATTCACAGAAGAGAAACC,CCTACCTTCTCCAGGCCTTT,
187,ATGT006Z,AAGGCTGAGGTAGGCTTATTTTT,CTGCACAGCAGAGTGAGACC,
188,ATGT009,ACCCAGAGGCCACTAGCTTA,AGCCTGAGCAACAGAGCAAG,
189,ATT015,AGCACCCATATTTGCAGGAA,TCACACTCTGGGGACTGTTG,
190,ATT023,CTGGCTGCAGTCTCGTCATA,CCACAGAGAGGTTGGAGGAG,
191,ATT070,CCTCATTGTCGAGGCAGAAT,GGCAGTAGAGCCAGACCTTG,
192,ATT077P,CACTGCCCCAGTGATACAAA,GTTTCTTAGGATACGGAGGTTGCAGTG,
193,ATT079,CCTGGGCAACAGAGTGAGAC,GTGGCAGGATTGATTTGCTT,
194,ATT198Z,CGTTTCTGTGCCTTAGTTTGC,TGCAGTGAGCCGAGATCTTA,
195,ATTT019M,GCTGCCACTTTCCCTTTTAC,ATTCATGGCCACAGAATTCAC,
196,ATTT030,GGGTCCATTAGTTGAGTATGCAG,GCCTGGCAGACAAGAGTGA,
197,CTAT012,CAGCAGCCTGTCATGAGACT,AGTCAGGGTTCTCCAGAAAGA,
198,CTAT016,ATGGGGCAAATGAAAGACTG,ATGAATGGATGGGTGGAGAA,
199,CTG008,AATGTGCAAGCATGAGAACG,CCACAGTGTCCTGTTTGTGG,
200,GAAT1A4,ATTCGTTCACTCATTTGTCC,CCCAAGGGCAGAAATTATTA,
201,GAAT1A5,AAGCATAGATGAGCAGGCAG,TACAAGTATTTTGAAGCCATGC,
202,GAAT2C03,TTCACACTTTTAGTGTTGGTGG,TGACCTGAGTTTGACTGGGT,
203,GAT004,AGTATCAGGCCTGGCACCTA,TGCCTTCAAAAACTGCATGA,
204,GATA030,GCGATCATATCTGCGATTCA,CACTCCCAGCTTCTTTGCTT,
205,GATA045,TTCTGGCATTTTGTTTTCTGG,CCATAGAGAACCCAGCATGA,
206,GATA056,CCCACAGACACTCCTTTCACT,TTGTGGGACTTCACCTTGTG,
207,GATA060,GAGAGGGAGATGAGGATGGA,ACCTATTATGGTGCTTGACACA,
208,GATA112F02,ACTTCTTGAGTGCCCATGAC,AAAATTCCAGGCATGAATGA,
209,GATA113H03,GACTCAAATCAAATGATACCACC,TGTTCTCCAGGGAATCAGAA,
210,GATA115E01,CCTCCTAGCTCCTCAAGCTT,CAGACAGATTCCTGTGGT,
211,GATA117D01,TATCCTATGGAAGCCATCA,GATTGATCTGTCTGTCCGTC,
212,GATA119B03,ACCCCTGAGATGATAGATAGACA,AACCTTCAGAATGCCATGAG,
213,GATA11A11,TATCGAATTGTAACCCCGTT,TCTGGAAAACCCTAATTCTCC,
214,GATA11B08,ATCCCAACTCTTAAATGGGC,TTCCATGGCAGAAATTGTTT,
215,GATA11C08,TTTGGTAAGAAAAACATCTCCC,GGCTGCAGTTAGCTGTCATT,
216,GATA11C12,CTTAGAGGGACAGAACTAATAGGC,AGCCTATTGTGGGTTTGTGA,
217,GATA11E02,TTGCCTTGTTAACATGTACAGG,AGTGCTAGACTGGGAGAAGA,
218,GATA11E09,TAACATTGACCGCTCCTCTC,CATCCTTCCTGGTCCCTAGT,
219,GATA121A08,GTTAACAGACTATTACCTGCCTACC,TGAGTATGCCACACTGCA,
220,GATA126A06,TAATCAAGATAATGTGGTACTGGC,GGTAACTTTATCCTGGACTTTCA,
221,GATA128C02,AGACCCCAAAATTACTTGAG,AAGGAACTGTTAGGGGCCT,
222,GATA129B03,GTGTTCTCCAGTGAAACAGAGC,GGATCTTTTCAGCCTCCATT,
223,GATA129D03,TCCACTGGGCCATTAATTAA,TCTCATAATATTGAACCCCTCC,
224,GATA129F05,TCTCCAGAGAGACAGAACTAATACG,AGCTTGCAGATAGCCTGCTA,
225,GATA12F04,AGCCATCTGGGCTTAGAGAT,TATAGGCACATGCCACTGTG,
226,GATA12H10,ATGTAGACTGCTAACAGTGTCTGC,TTGGTCAACATGTCAATTTAGG,
227,GATA13,TCATGTGACAAAAGCCACAC,AGACAGAAATATAGATGAGAATGCA,
228,GATA130A05,TGGAATGGGAGAAGGTAACA,CTGTCTCTACACATCCTGTTGG,
229,GATA131D09,AAAAATCTGACTCTATTCAAATGTT,AGACTGCAGTGAGATGCCAT,
230,GATA133A08,TTTTTGAAAGTTGCGAAGTC,GAGGGGGCAATTAGACATCT,
231,GATA134B03,CAAATTCCAAAAGCCTTGAT,GCTGCTTCCCTAAACCTAGA,
232,GATA136A04,CTTTTCCCCATCCTCATTTT,GCTCCACAATTGTATGAGCC,
233,GATA136B01,CCTGGGCGACAGTAATGG,GGGAGAGGCCCTGTATTAGT,
234,GATA136F05,TGGTTCTCCAGCTAGCAAAC,TCTTAGTGAAGTTTCTCAGATCTCC,
235,GATA137A12,TTAGGGCTTTCAAAATGCTG,AAGCAACACCCTAAGGAACC,
236,GATA137B09,GGGAGTAGAATTTGCAAGCA,GAATGTAGGTGTCTGTGAGCG,
237,GATA138B05,TGGAAATCTTAAGAATATCTAGGTG,CCAAATGTGCAAACATGGTA,
238,GATA138C05,TGCAGCACTCAAATTCTGAA,AAGTGAGAGACATGAAAGTTTGC,
239,GATA138G03,AGGGAGCTTTCTGGGAATTA,TATCAGTGCCTTTTAATAAATTCA,
240,GATA139A04,AAGCAGCTTGAGACTCCAGA,TGCCTGCAGATTCTAACACA,
241,GATA13G11,TTGGGACCTCTTATTTTCCA,GGGTTCTGCAGAGAAACAGA,
242,GATA140E03,AAGATGTGTGGGACTGCATT,ACACCACAGGCTTACCATGT,
243,GATA145G10,CATCGATCCATCTGCCTATC,CTCCCTCCCTGATAACTGGT,
244,GATA146D07,GGACATTACCAGACTGAAAAGC,CCTTAGATCTGGGTTTGGGT,
245,GATA148F04,GCAGTAAATGTCTATGAAACAAGG,ATGATAGGTAGATGGATCAATTAGA,
246,GATA148G10,TCAGTCAGGGTTCTCTGGAG,GCCAATTCCTTCTAATCCCT,
247,GATA149B10,TATTCAGCCTTCAGAATCTGG,CTGTCATATCTTCCTATGGTTATCA,
248,GATA14E09,TGAAAACATAGTACAATGAACATCC,GTCATAATATCTGCCAATGATTG,
249,GATA151C03,GGCCTCACACAGAGGTTTTA,GGCTGCAGTGAGCTATGATT,
250,GATA151F03,CTGGACAGTCAGTTGGAGCT,AAGGACTCACATGCACACTGC,
251,GATA156H01,ATACAGGCTCGTTGCTGAAG,CCATTGCAAAGCAGTCTTCT,
252,GATA157H01,CTTCAGTTTTCCCAATAGATCG,TGGGTAAGTTTGCATGATACC,
253,GATA165A11,GCTTATGAACCGCAAGTTGT,CTTGAACACGGAACAAAACC,
254,GATA165G02,CAGGATTTTTCAGAAAGACA,CTGTCACAGGACTTTTCAGCC,
255,GATA167C12,ACACTTAAAATGGTAAATATGATGA,GGCCTGAGTTCAGGAATTTA,
256,GATA168F06,ACAATTCCAGAAACTTCCCC,ATCAGTGAGCCAATTCCTTG,
257,GATA169E06,ACAGTTCCCAAGACTAAACAGC,TGGAATTCAGTTATTTGTTAATGC,
258,GATA173A03,GAAAAAGCCAGCGAGTACTG,TCATGCCTGTATCTATCACTGC,
259,GATA175H06,GGTGTCAAGCTTTGAGCCTA,TGCATCTGGGCCTTTATGTA,
260,GATA176C01,TCTCACTACACCACCTGGGT,CTCTATCTCTATCTCTGTCTCTGCC,
261,GATA177C03,CTCTCTTCATCCACCATTGG,GCTGTAAGAGACCTGTGTTG,
262,GATA178C11,AACTGCATGAACCAATTCCT,TCCACAGAACCAGAACCAAT,
263,GATA178G09,ATGGGTGGATGTACAAATGG,TCTTAGTTTATGGGCCACCA,
264,GATA179E06,TGGAAGTTATGGACCAGGAA,AAGTCCCCATTAGCATGTGA,
265,GATA183H03Z,GAAAGATCATCCCTTGCTGA,TGTAGCTATGGAGATGGATGGA,
266,GATA184A08,ATTACCAGTGGCTTAGTATATGTCA,GCACCTCTAACCCCCATATT,
267,GATA185C06,TGGAACCACTTCATTCTTGG,ATTTCAGACCAAGATAGGC,
268,GATA185H04,CCAACATCTAGAATTAATCAGAATC,ATATTTCAATATTGTAACCAGTCC,
269,GATA187D09,CTTAGTCTTTTCTTACCAAAACAGC,CCACAAATACATTTCCCTGA,
270,GATA194A05,AAAATATGCAGGTAATGACTTGG,CAAGCAAAACTGACAGGTAGG,
271,GATA194B06,AGCTAGAAGTGGAAGTATTTACACC,CCGGAGTCAAAACAAAAAGA,
272,GATA197B10,AGGAAAGAAACAAGTGGGCT,GAGATGATAAATGACAGCTACAGG,
273,GATA21D04,TAGGTTCTGGGCATGTCTGT,TGCTTGGCACACTTCAGG,
274,GATA21F05,TCAGAGGACCACTGCCTAAG,CTGATGGGATTTGTGCCTAT,
275,GATA22D12,TGCTATCAAATGACAAAGTTAGC,TTTGATGAGCTTGAACTAGGG,
276,GATA22F09,GTTCAAGCATGGGTGGATAG,TTGTGTGGGAATGCAGTGATGC,
277,GATA22F11,CTCCTCGTCACTGCAGTCTT,CTGCCTCATCTCTTCAGGAT,
278,GATA22G05,TCCTGACATTCCTAGGGTGA,AAAACAAATATGGCTCTATCTATCG,
279,GATA22H04,CCAGCTTTCTTTTAAGTTTGTT,TTGGATAGGAACGAACCTGA,
280,GATA23A02,AGAAACAGAACGGATAGGGT,GACAGCAGACTGTGAGACTTC,
281,GATA23B01,GTGTAAGCAGTGTGCAGTGG,TTCCTAAGCATGAATTTTTACC,
282,GATA23E06,AGCCATCAACTAGCTTTCCC,GGGAGGCACCAACAGATG,
283,GATA23F05,ATGGTATTAGGAGATGGGGC,TTGCATAAGCCAATTTCCAT,
284,GATA23F06,TACATGGCAGCAGGCATATA,GAGTAAACAAGATTGCTAGATAGGC,
285,GATA23F08,GAATGCAGGACTGTTTCTGG,TATATTTCTTGGGAAAGATAGATGG,
286,GATA23G09,AAGTAGATGGGAGCCACACA,CAAGATCATGCCACTGCCTT,
287,GATA24D12,CCCTAACTCCCATGTTGATG,ACCCAGGATTGTGCTAACCT,
288,GATA24H01,CAGGGAGACAGAACCAACTG,CATAATTGCTTGGGCAATTC,
289,GATA25A04,TAGCACTTGAGCACACATGG,GTGCATTATGGGGACCATTA,
290,GATA25C10,GAAGATTTGGCTCTGTTGGA,TGTCTTACTGCTATAGCTTTCATAA,
291,GATA26G09,CTCCAGAGAAGCAGAACCAG,ACATGAGCTGGTTCCCCTATGA,
292,GATA27A12,GTGGCTTTGGAGGAACACTA,TGGCACATGTACACCAGAAC,
293,GATA27C08,GGCAGGCAGGTAGATAGACA,ACACTACACAAGCATAGTCAGGC,
294,GATA27E01,TTTATTGAGATATATTTGACATGCA,AAGGAGGAAAGCTTTTTGGA,
295,GATA27G03,GAGCCAGACCTTGTCTCAAA,AAGGGATTTTAGGAACTGATACG,
296,GATA27Z,AAGTGTTGCATCAGAGCCTC,GAGCCAATGGAGGAAGTGTG,
297,GATA28D11,AAAGAAGATGAAATTGCCATG,TAAAAAGAATGAAGGTAAAAATGTG,
298,GATA28F03,TTCAGGAGTTTAGCTTTCTATGC,CTACACCATCAGTACTCACTAGGC,
299,GATA28H06,TTGTGGAACCGTTCTCAAAT,GAAACTTCCACCTGGGTTCT,
300,GATA29A01,CTGTGCCTCTATTGCCTCAT,TGAAGGCCAAGCACTATTTT,
301,GATA29A05,TTTTGTTTCTTGATCTGGGC,TGTTAAACTTTTCACTGAGGTATAA,
302,GATA29B11,TTGGTTAAGAATGGAAATTCC,TGAAATCACCTAATGGTGGG,
303,GATA29F06,GGAATAACTCAGGGTGTCTTG,TAGACGGCTCCCTTAACACA,
304,GATA2F11,TATTTCCAACACCCCTGCTA,AAGCAAAGAGGATTGAAAGTG,
305,GATA2H09,TTGCCACTGAAAATCATATCC,TCTACTTGGCATCCCTGATG,
306,GATA30A03,AGGGGTCAGACTCTGTTAAGC,GTCTTCAATTGTTTTAAACTTTGTGG,
307,GATA30A08,CAAGGATGGGTGGATCAATA,TTGTATGAGCCACTTCCCAT,
308,GATA30E06,TCTGTCTTAGATGGATGAATGG,GGGATGGATGGAAAAGATTC,
309,GATA30G01,CATGGCCCTTCTTTTCATAG,AATGAGGTCTTACTTTGTTGCC,
310,GATA31B09,AAGGCAACTGGATGTTTCAA,TCAGGTGGACAGATGTACTCC,
311,GATA31B11,TGTAATGCTTGTGCAGATGG,TGCAGTGATTTTCACATTGC,
312,GATA32B03,AATAGTGACATTCTCTTCTTATGGC,AGGTATGGTGCCACACACTT,
313,GATA32C12,GCACCTGTTTGATTCAGTCA,CCAGCCTGTGTGACTATGTG,
314,GATA35,GCTACAATGATAGGGAAATAATAGA,TCAACATAACTCGACTGTCTGG,
315,GATA3H01,AAACCGCTGTGCACTTTATC,GGAAGGTGCGTATGAATGAG,
316,GATA43A04,GGAAAGCCTGTAGGAAGAGG,CCTGGATGACAGAGTGCTCT,
317,GATA43H03,GGCATAAAAATAGTACAGCAAGC,ATTTGAACAGAGGCATGTAC,
318,GATA44F10,TTCCAGCCTAGGTAGCAGTG,GCAACTGAGGAAATGCATCT,
319,GATA45B10,GTGGTGAACACCAATAAATGG,AAGCAAATAAAACAATAAACTCG,
320,GATA46A12,CTTGTGGGCTGTAGTTTGCT,AAAGAGTAAACTCAATGAAAGATGC,
321,GATA4G12,TAAATCACTAGCCTTTGCCG,GCCATCTGTACTGTTCCCAG,
322,GATA4H03,TGGACCACAGGGTATCATCT,TCCAATGGAAAGAAATGGAG,
323,GATA50D10,ATGCCTACAAAAACCAGTGC,AGCTTGCCTGGTCTCTTACA,
324,GATA51A07,CTCCAGGTACTTGTATCACAACA,GAGGGGCAATGATAAACAAG,
325,GATA51B02,CATGGATGCAGAATTCACAG,TCATCTCCCTGTTTGGTAGC,
326,GATA51D03,AGCCTCCATAACCACATGAA,GAACCTAAAACTCTAAGGAAGCG,
327,GATA51D11,TCCAACTCACCAGTATAGAATCA,TTAGAATGGTAGCTCCCTAAGG,
328,GATA51F04,CAAGTCTGGCCTCTAGCAAA,ACAAATAGATACACGGATACAAGG,
329,GATA52A12,TTATAGAGCAGCCTTCCCTG,AAAAGCCTCCAGTGGGATAT,
330,GATA5B02,AATCCCTGGGTACATTATATTTG,CAGACATTCTTTATTCTTTACCTCC,
331,GATA5H03,GCCCTGATTGATTTTTTGAC,ATTCGAGGGGGACACTATTC,
332,GATA5H07,AAAGCTAGGGTTCTCCAGAG,CTTACCTCCTGTTGGTTCCA,
333,GATA61E03,CTGTATTAGTCGGGGTTCTCC,GGTATTTTTTGCCCACATGA,
334,GATA61G06,AGTTCAACCTGGGCAACATA,TCAAGCCAAGGCATTTTCTA,
335,GATA63A03,GTGGATAGACACATGACAGATAGG,TATTTGGCAAGAATAGATACAGG,
336,GATA63B12,CCAGGCCACAGAGACAGTAT,TGTGCTATTGTTGGTGCAGT,
337,GATA63C02,TTGTGGTAGCTTATTATGCAGC,GGAATATTTTGTAGCAGTTAGAAGG,
338,GATA63D12,ACTACTCCAAGGTTCCAGCC,AATATTGACTTTCTCTTGCTACCC,
339,GATA63F08P,TCTCTTACCCTTTGGGACCT,GTTTCTTCTTGCAGATGGCCTAATTGT,
340,GATA63F09,TTCACATGCATATGTCTTTATGG,CTGTCTAGTGTCCTGAGCTGC,
341,GATA64A09,CCCTAGCTAATGTTAAAATATCACG,CAGAGTGAGACCCTGTTTCA,
342,GATA64B04,CTCTCCAAGGCTCACTCAAA,TGGTCTTTTTCCATTCCAAA,
343,GATA64F05,GCTCAAGCAATCCTCCTCTT,TTCCAGCAGAATTTAATGGG,
344,GATA64G07,TTTCCTAGTAGCTCAAGTAAAGAGG,AGACTTGGACTGAATTACACTGC,
345,GATA64H04,GATGATAGAGATGGCACATGA,TCTTCATACATGCTTTATCATGC,
346,GATA65C03,CTCACTGTCTGGATTTCTTGG,TAAGAACAAGTAAAAAAAGCTGG,
347,GATA65E01,GGTACCAGAGCAACACCTTG,ATAAAGGAAAATCCCCCTACC,
348,GATA66B04,ATGCCCTCTTCTGTCTCTCC,GCAGAGAATCTGGACATGCT,
349,GATA66D01,TTCTAAGTAAAGAGTCTTCTTTGGG,TAATTCAAATCTTTCCTGTCAGG,
350,GATA67D03,TTAAAGGAGTGATCTCCCCC,GTTACAGTACCTATGGTCATGCC,
351,GATA68D03,CTGGTTTGGGTCTGTTATGG,AGGGACTTAGAAAGATAGCAGG,
352,GATA68F07,ATTGCTTCCCCTTTACCTGA,GACAGGAGACAGAATGTTATAAGTT,
353,GATA68H04,ACAAGAACAGCATGGGGTAA,CCTGGATCATGAATTGCTAT,
354,GATA69E12,GGCATCTTTATCCTTAGCCC,CGGGGTCTGCATTACAGTAT,
355,GATA6B09,TTGCATCCATACGGAAAGTC,ACATCTGAGACTTGTAGTAGAAGGC,
356,GATA6C01,TCTAGGATGTTTTTAGAGAAAGGC,TGGCACTAGATGTTTTCAAGG,
357,GATA6E05,ATTGCATGGCAACTCTTCTC,GTTCTTCAGGGAAACAGAACC,
358,GATA6F05,TTCTTAGTGGGGAAGGGATC,TGAGTTTGATGTTTTTGATAGACA,
359,GATA6F06,ACCACATGAGCCAATTCTGT,ACCCAATTATGGTGTTGTTACC,
360,GATA6G12,AGCCTGAGCAAAACAGTGAA,GAAGACCTACGGATTGGGTC,
361,GATA70E01,CCCACTACAACTTCAGGTAGA,TAGAGCAAAACAGAAATGAGG,
362,GATA70E11,GGCAGCCTAATAGTTCCGAT,AGTTTGCAGTGAGCATGGTT,
363,GATA71C09,GAGTTGCGTTACTTGATTTCTT,TTGAATTGTTCTGGTACCTCTG,
364,GATA71F09,GTCATATGGGCCAATTCCC,TACCGCGTAGTGAGACTGTG,
365,GATA71H05,GAGCCTGAGCAGTAGTCAGC,GACATTGTCAGTGTCAGCCA,
366,GATA72G09,TTGAAGTTGTGACTCAGGTCC,TTGGTGATTTAATTCCAGGC,
367,GATA72G11,TATGGAAGTGGGACTGAGGA,CAAAATTAGCTGGGTATTGTCTAG,
368,GATA73D01,CATCTTTCTTTTCCTGTTCCC,GATACCATATTCAACATGAAGAGG,
369,GATA73D10,TCATGACAAAACAGAAAATAAGTG,AGTAAATGGAATTGCTTGTTACC,
370,GATA73D11,TCCCAACAAAGTCATTTGGT,TAGCTCCCACAATCATGTGA,
371,GATA73E11,TTGGTGGTGTCATCCTCTTT,CTCTTAACTGATTTGGCCGA,
372,GATA73F01,AATAGAAACACAGGAGATCTCTTT,GTCAGGCGAGTTTTTGAAGA,
373,GATA7D01,AGCATTAGCATTTGTCCTGG,GACTAACCTGACTCCCCCTC,
374,GATA7D12,AGTTTTCATAACACAAAAGAGAACA,ACCTAAATGTTCATCAAAAGAGG,
375,GATA7F09,CTCCAGGCTCATCCATATTG,TCGATGATCAGTGATGTTAAGC,
376,GATA7G07,TTTTTGTATTTCATGTGTACATTCG,CGTAGCTATAATTAGTTCATTTTCA,
377,GATA7G10,ACAGAAGTCTGGGATGTGGA,GCCCAAAAAGACAGACAGAA,
378,GATA81E09,TGAGTGAATTTTTCTAATAAATCCC,AAGCAATCTCATTTATTTTTACACA,
379,GATA84C01,CAGACTCCAGAAAACAGAACC,TGGAGTGGACCAATTCCTTA,
380,GATA84E11,TGTTGGAAGACTTCTCAGCC,CACACATGCTGTGTCTCTCA,
381,GATA85A04,CCTCACACAATGTTGTAAGGG,TGTAACATCCGTGATAAAAATAGC,
382,GATA85D02,TGTGCATCCTCTATGTCCCT,GCTAAGATGGCGCCATTG,
383,GATA85D10,ACCTCATAAAATAAGCCTGGC,GTTGTATGCCTAGCACTGCA,
384,GATA86B09,ATATTGCACAACTTTGTGTAGAGC,TTGCTAATCTCCTTAAAAAATAACG,
385,GATA86C08,TACGCAAGTCAAAGAGCCTC,GGACACATGAGACCCTGTCT,
386,GATA86H01,GGTGCTTGCTGTAAATATAATTG,CACTACAGCAGATTGCACCA,
387,GATA87B02,TGGTTCTCAACCAGGACAAT,AGTCCTGGCAAACTCCTCTT,
388,GATA87D11,GAACTCTCACCCCATCCTTT,AGATCCATATAGGTACATATCCAAA,
389,GATA87E02,GTTGTTGCTGGGCTTAGAAA,TTGATTGACTGCACTTTTCA,
390,GATA87G01,CAGTGGACACTAAACACAATCC,TAGATTATCTAAATGGTGGATTTCC,
391,GATA88F09,TACTTGGGATGCTAAGGTGG,TTGGGTTTCCTGACTTGTGT,
392,GATA88H02,TGAGTTTTTCCTATTGAGAGTCC,AAAAGTCAACAGTCTCAGAGACC,
393,GATA89A11,GCTTCTGAAAGCTTCTAGTTTACC,AATAGTAATGCCATTTGTGATAGG,
394,GATA89G08,TGTACTTCAGGCTACCCTGC,CCAGAGAAAGAAAACCAATAGG,
395,GATA8B01,TGCCATAGCAGAGAGGGATA,ATGGATAAATTGAGTTTCCCC,
396,GATA8B05,GGTTGCTGCCAAAGATTAGA,CACTGTGATTTGCTGTTGGA,
397,GATA8C04,AGACCCTGTCTCAGATAGATGG,TAAAATAGAAAGTGCCCCTCC,
398,GATA8F03,ATTGGAGCTAAGTGGCTGTG,AAAAGGCTGTAACAAGGGCT,
399,GATA8F07,CAGAAGCGTGGCAGTTTATT,GAACAGGATGGGGAAAACTT,
400,GATA8G10,GGGACAGAGAAGCAGAGAAG,GGCTTTTTCTTCCTTTACCG,
401,GATA8H05,AAGGGAAGGAGCATAGCAAC,GATTTGGTAGATAGACAGATGTGA,
402,GATA90D07,CTGAGGTGGGAGGATCAGTT,CCCGGCCTTGATTTATTTAA,
403,GATA90E02,AAAATGTCCAGGCAACAGAG,ATTGACAAATTTCTGGGCTG,
404,GATA90G05,CAAGTCAGTGGGTTGAGACC,GAGAACAGACCCCCAAATCT,
405,GATA91H06,ACACAGATGTGCATCTATCTCG,TATTGGACAGTAAAGAAACCTGC,
406,GATA92B06,AATCCCAAGTGCACAGTGTT,AAGGCAGAAGAGTGAGAGAGC,
407,GATG013,CTGGCCAAATCTTGGATGTT,GCTGATATGATGCTCTTCCTTC,
408,GGAA17G05,GGGTGACAGAGCAAAATTCT,ACACCTGGATCTTGGACTCA,
409,GGAA19G04,TTCTACTTGGCTGGGAGTTG,TACCACCAAATTTCCCTCAA,
410,GGAA20F08,CTAGCCAAGGCAGGTCTGTA,GCCTAGACAATGGGAGAGGT,
411,GGAA20G04,CATTGGTCCAGGTAAACTGC,TTCACAAGGTTCCACAAGGT,
412,GGAA22B10,TGGTACAGATAGAGGTGACGC,CTCTCTGGGCCCTACTTTCT,
413,GGAA22C05,TAGTTGAGTTGGTTCAATGCC,AAATCATTCACCCTCCATCC,
414,GGAA22E01,GTAAGGGGTTGAGGTTTTGC,CACCACATTTCTGACATCCA,
415,GGAA22G10,AGTCAGCTTGATTGATCCAG,CTTAGTGTGACAGGAAGGACG,
416,GGAA23C05,GGAATAAGTGCAGTGCTTGG,ACCAATCTGGTCACAAACAT,
417,GGAA23C07,ACTTTCTCACATGACCACAGG,CAGCGAGACTCTGTCAAAAA,
418,GGAA29H03,ACCTGTTGTATGGCAGCAGT,AGTTGACTCTTTCCCCAACTA,
419,GGAA2A03,CCTGGGCAACAGAATAAGAT,TAGGTTTTTAAGGAACAGGTGG,
420,GGAA30H04,ATTCTTCTCCCAAGAATGCC,CAAGTCTCAAGAGGTAGAAGTGC,
421,GGAA3C07,ATGTACATGTGTCTGGGAAGG,TTCTCTACATATTTACTGCCAACA,
422,GGAA4A12,GCCGAAAGAAAGAAAAAAGG,CGAATGCATACTTGCTGTTG,
423,GGAA6D03,ATAGGATTTTATCACTCACAGATTT,CTCAGATGGAGATTCCCTCC,
424,GGAA8G07,ATGCAAAGATGAACCAGGAA,CCCTGGACTCATGGTACTTG,
425,GGAT1A4,CCCAGAGCAAGTACTCACCT,ATAGTTTTGTGCTTATTGACATGA,
426,GGAT2G06,GGTGGATGGATGGATGAATA,AGTGTTTGGACTGTCATTTGC,
427,GGAT3G09,ATGCATCCATTCATCCATCT,GAGAAAAACCTCACTCTTCCG,
428,GGAT3H10,GGATGGATGGACATAATGGA,CACCTTTTCATCTGTCCACC,
429,GTAT005Z,TGAAAGACTTGGGGCTGGA,GGGCGATAGAACGAGACTCA,
430,GTAT1A05,TGTGAAACTTTGTCATCACTATACC,TTGGTGACAAAGAAAGTCTCC,
431,Mfd235,ACTTTCTTGCAGTCTGTGGC,TTCTAGACCTGCAATCAGCC,
432,Mfd238,TTCTGAGCACAACCAATCCT,GACTCCGTATTAAAAAAAAAAG,
433,Mfd313,CACTTCTGAGTTGTTTGAATCTC,AGAATCTGCTGCTTGCTTTT,
434,MFD424-TTTA003,GAAGCAACGCGGAGAATTT,CATCTTGGCTAACACGGTGA,
435,MFD442-GTTT002,GGAGTGAGTCCACCTTCCAA,TTGGAGCATGACCAAAACCT,
436,MFD455-AAT052,TTCAGATGCCAGCTTCAAGA,GATGAGCCAGGAAGCCATAA,
437,SE30,GAGGTTGCACTCCAGCCTTT,ATGCCATGCAGATTAGAAA,
438,SRA,CACTAGCACCCAGAACCGTC,CCTTGTCAGCGTTTATTTGCC,
439,TAA003,CGAGGGCAATGTATCTCCTG,ATCTGCAGGGCTATGTTCCA,
440,TAAA014,GTGACAGAGTGAGGCCCTGT,TGGGCTTTTAATAAGACAGTGGA,
441,TACA003,AATAGCCCAGGCTCTTCAGG,GCCTTCGATAAGCACCTCAC,
442,TAGA002,TGCCCTGTGGAATTCAGACT,GGCTTTCCAGAGAAACAGGA,
443,TAGA010,ATCCTGCTTGGGAGACATTG,AGGTTGCACTGAGCCAAGAT,
444,TAGA049,CGCCAACATGGCCTATTAAC,TTGCAAGCCCCTTAACTCTG,
445,TAT024,GGCTTGCTGATGTTTGGTTT,ACAGCTGGAGAAGGTGGAGA,
446,TAT026,CAGTGATGCCCACAGATTCTT,GCTGAAACTCACATGGGTCA,
447,TAT028,GGTGGAGCTGAGAAGTACAGG,CCCCAAATCCGTTTTATCAT,
448,TAT032z,CACCTACAGAAGCCATGCAA,ATGGTGAAACCCCATCTCTG,
449,TATC010,CTTGAATCTCTCAGGGAGCTG,TTGGCCTTAAGTCTACCGAAA,
450,TATC012,TCCCAGGACATGAGATCCTT,CATGGATAGGATTTGGGAATG,
451,TATC050z,GAGTTCATCGGTTGGAGGAG,TTTCTCCAGGTGTTTCCTGTG,
452,TATC057,GGTTCTCCAAGTTCAATGGTG,GATACCTGCAACCCCATGAT,
453,TATG002,CGAAAGCTTAGCATGGCTTC,CCTGGTGACAGAGCGAGACT,
454,TATT019,TGGACAATACCCCACACAAA,GGGCAACAAGAGCGAAACT,
455,TATT031,AGTCAGACTGCCTGGGACAT,AGCCTGGGCAACATGAATAA,
456,TCAT006Z,TCACTCACCTGACCTTAATTC,CTAGCACATGGCCTGGTACA,
457,TCTA017,CAGCATGAGAGTGGTTGAGG,TGGTGTCAAACATGAATTAGGC,
458,TCTA021z,TCAACCCATAGGTTACTGTTTTACA,TATGAACCTGGAGAGCAACG,
459,TCTA023,TGTTCAAATTTGTCACTCTCCAA,AACTGAGAAATTGGCCCATAGA,
460,TCTA025,TTTTCAACTTCAGCACTGCTTT,GGTGTACCATGGGCAAATTC,
461,TCTA026,AGCTTCCTGTGTTTGCTTCTAA,AATCTACCATGGGGGCAAAG,
462,TGA012,GCCATTGGAGTGAGGGAGTA,AAATCAATGGCACTGCTCCT,
463,TTA007,GGCTAATGGCATACTTTGACC,TCAGCTACACAAGGCTGCTG,
464,TTA008,CTCCACCCAAAGCCAAAGAT,AGCGGAGATCATACCACTGC,
465,TTA015,ACTGGAAAGTGCTGCATGTG,CTGGGCAGCAGAGTGAAACT,
466,TTA024,CCATGACCACACTTTTCAACA,TGACGAGTTAATGGGTGCAG,
467,TTAT020,TCACAGCAGCATTCACCAGT,GAGGCGGAGGTCACAGTTAG,
468,TTAT023z,TGTTGGGCTTCACCATACCT,CCTGTAATCCCAGCTGCTCT,
469,TTCA006M,TCCCCACGTAAGCATTTCTC,AGAGGCGCTTGCTAAACAAAG,
470,TTTA001,TTCCAGATACCTTTCCGACCT,CTGGCGAAAGAGCAAGAAGT,
471,TTTA028,CAGTCCAGAGTCCGGAGAAG,GGCACCTTTAATCCCAGCTA,
472,TTTA033,TTAGCGGCAGCAGCATTTAT,GCCTGGGCAATAGAACAAAA,
473,TTTA040,GGGTGCAGTTTTTCTCTGCT,GGGTGGAAAGAAGGGCTTTA,
474,TTTA049,TCCATGCGATTTATCCAAGA,GGGTGACAGAGCAAGACTCC,
475,TTTA063,AATCCATGGCTGCTCCAGT,AGCTGAGATCCCACCACTTG,
476,TTTA075,GGGTCCTTTCAGTTGGTGAG,TGAGGCTGCAGTGAGCTGTA,
477,TTTA093,TCCAATCGGAGACTCTGAGG,AAAATTAGCCGGATGTGGTG,
478,UT1772,ATGAGGCTGGCAGACTCG,GGGTGCTAGGTGTGCTCA,
479,UT5029,GTTTGGTATTGGAGTTTTCAG,AAATCATCAGTGGAGTTAGCA,
480,UT654,TTCCTCTGGCTTCTAGAAG,GCCATGTCTTCTTCAATAATG,
481,UT7129,TAGAAGCCAGAAGAAGAGCA,CATTGCACTACAGGCTGAAT,
482,UT7136,AGGAGGCAGAGGTTACAGTA,GTGGTCTGAGAAGATACTTGA,