locus,motif,repeat_sequence
chr1:247967046-247967065,AC,ACACACACACACACACACA
chr2:241924401-241924426,CA,CACACACACACACACACACACACAC
chr3:186505713-186505750,TG,TGTGTGTGTGTGTGTGTGTGTGTGTGTGTGTGTGTGT
chr3:197291301-197291340,CA,CACACACACACACACACACACACACACACACACACACAC
chr3:4007471-4007524,CA,CACACACACACACACACACACACACACACACACACACACACACACACACACAC
chr3:64770681-64770712,TG,TGTGTGTGTGTGTGTGTGTGTGTGTGTGTGT
chr4:116059-116082,GT,GTGTGTGTGTGTGTGTGTGTGTG
chr4:13749396-13749427,CA,CACACACACACACACACACACACACACACAC
chr5:79172658-79172701,CA,CACACACACACACACACACACACACACACACACACACACACAC
chr5:180561358-180561393,TG,TGTGTGTGTGTGTGTGTGTGTGTGTGTGTGTGTGT
chr6:161774385-161774432,AC,ACACACACACACACACACACACACACACACACACACACACACACACA
chr7:162284-162325,TG,TGTGTGTGTGTGTGTGTGTGTGTGTGTGTGTGTGTGTGTGT
chr8:9375679-9375712,TG,TGTGTGTGTGTGTGTGTGTGTGTGTGTGTGTGT
chr8:21744551-21744586,CA,CACACACACACACACACACACACACACACACACAC
chr9:516999-517026,CA,CACACACACACACACACACACACACAC
chr9:137742291-137742332,TG,TGTGTGTGTGTGTGTGTGTGTGTGTGTGTGTGTGTGTGTGT
chr9:3859351-3859400,CA,CACACACACACACACACACACACACACACACACACACACACACACACAC
chr12:132742185-132742220,CA,CACACACACACACACACACACACACACACACACAC
chr13:112141140-112141181,AC,ACACACACACACACACACACACACACACACACACACACACA
chr14:105511701-105511736,CA,CACACACACACACACACACACACACACACACACAC
chr15:24885718-24885753,TG,TGTGTGTGTGTGTGTGTGTGTGTGTGTGTGTGTGT
chr15:30968535-30968576,CA,CACACACACACACACACACACACACACACACACACACACAC
chr16:181983-182004,AC,ACACACACACACACACACACA
chr16:23026350-23026395,TG,TGTGTGTGTGTGTGTGTGTGTGTGTGTGTGTGTGTGTGTGTGTGT
chr16:79090282-79090315,GT,GTGTGTGTGTGTGTGTGTGTGTGTGTGTGTGTG
chr18:80094120-80094149,AC,ACACACACACACACACACACACACACACA
chr20:578655-578686,CA,CACACACACACACACACACACACACACACAC
chr20:8881330-8881359,GT,GTGTGTGTGTGTGTGTGTGTGTGTGTGTG
chr22:24092687-24092725,GT,GTGTGTGTGTGTGTGTGTGTGTGTGTGTGTGTGTGTGT
chr1:181056365-181056403,ATA,ATAATAATAATAATAATAATAATAATAATAATAATAAT
chr1:10927531-10927560,ATA,ATAATAATAATAATAATAATAATAATAAT
chr1:113083998-113084042,TAA,TAATAATAATAATAATAATAATAATAATAATAATAATAATAATA
chr1:53798141-53798185,TTA,TTATTATTATTATTATTATTATTATTATTATTATTATTATTATT
chr1:85824904-85824939,TAT,TATTATTATTATTATTATTATTATTATTATTATTA
chr1:18463029-18463061,TAA,TAATAATAATAATAATAATAATAATAATAATA
chr1:233345727-233345762,TAA,TAATAATAATAATAATAATAATAATAATAATAATA
chr1:29838139-29838177,TTA,TTATTATTATTATTATTATTATTATTATTATTATTATT
chr1:165879546-165879569,TAT,TATTATTATTATTATTATTATTA
chr1:160473946-160473990,TAT,TATTATTATTATTATTATTATTATTATTATTATTATTATTATTA
chr1:174292022-174292057,TTA,TTATTATTATTATTATTATTATTATTATTATTATT
chr1:106421092-106421130,TTA,TTATTATTATTATTATTATTATTATTATTATTATTATT
chr1:231814939-231814980,TAA,TAATAATAATAATAATAATAATAATAATAATAATAATAATA
chr1:20585468-20585509,TAT,TATTATTATTATTATTATTATTATTATTATTATTATTATTA
chr1:216547254-216547277,GAT,GATGATGATGATGATGATGATGA
chr1:34087614-34087658,AAT,AATAATAATAATAATAATAATAATAATAATAATAATAATAATAA
chr1:106533134-106533178,TAT,TATTATTATTATTATTATTATTATTATTATTATTATTATTATTA
chr2:13385266-13385313,ATA,ATAATAATAATAATAATAATAATAATAATAATAATAATAATAATAAT
chr2:221730443-221730472,ATA,ATAATAATAATAATAATAATAATAATAAT
chr2:191125479-191125505,TTA,TTATTATTATTATTATTATTATTATT
chr2:43909612-43909647,AAT,AATAATAATAATAATAATAATAATAATAATAATAA
chr2:50606609-50606632,AAT,AATAATAATAATAATAATAATAA
chr2:158702464-158702505,ATA,ATAATAATAATAATAATAATAATAATAATAATAATAATAAT
chr3:67969584-67969611,AAC,AACAACAACAACAACAACAACAACAAC
chr3:150445317-150445358,ATA,ATAATAATAATAATAATAATAATAATAATAATAATAATAAT
chr3:38341361-38341384,ATT,ATTATTATTATTATTATTATTAT
chr3:164339473-164339496,TTA,TTATTATTATTATTATTATTATT
chr3:188603024-188603065,ATA,ATAATAATAATAATAATAATAATAATAATAATAATAATAAT
chr3:140306849-140306881,TAT,TATTATTATTATTATTATTATTATTATTATTA
chr3:49380675-49380719,ATA,ATAATAATAATAATAATAATAATAATAATAATAATAATAATAAT
chr3:192599255-192599284,TAA,TAATAATAATAATAATAATAATAATAATA
chr3:121173324-121173350,TAA,TAATAATAATAATAATAATAATAATA
chr3:52277067-52277102,TAA,TAATAATAATAATAATAATAATAATAATAATAATA
chr4:2750398-2750433,TTA,TTATTATTATTATTATTATTATTATTATTATTATT
chr4:46925715-46925759,ATT,ATTATTATTATTATTATTATTATTATTATTATTATTATTATTAT
chr4:13925101-13925145,TAT,TATTATTATTATTATTATTATTATTATTATTATTATTATTATTA
chr4:185436713-185436745,ATA,ATAATAATAATAATAATAATAATAATAATAAT
chr4:84084360-84084398,AAT,AATAATAATAATAATAATAATAATAATAATAATAATAA
chr4:129376708-129376740,TTA,TTATTATTATTATTATTATTATTATTATTATT
chr4:27256299-27256334,TTA,TTATTATTATTATTATTATTATTATTATTATTATT
chr5:173904973-173905017,TAA,TAATAATAATAATAATAATAATAATAATAATAATAATAATAATA
chr5:8546291-8546323,ATA,ATAATAATAATAATAATAATAATAATAATAAT
chr5:118754652-118754693,ATA,ATAATAATAATAATAATAATAATAATAATAATAATAATAAT
chr5:140925642-140925677,TAA,TAATAATAATAATAATAATAATAATAATAATAATA
chr5:181146273-181146311,TTA,TTATTATTATTATTATTATTATTATTATTATTATTATT
chr5:127341-127379,TAT,TATTATTATTATTATTATTATTATTATTATTATTATTA
chr6:11700961-11700999,AAT,AATAATAATAATAATAATAATAATAATAATAATAATAA
chr6:13946141-13946182,TTA,TTATTATTATTATTATTATTATTATTATTATTATTATTATT
chr6:159606138-159606185,TAT,TATTATTATTATTATTATTATTATTATTATTATTATTATTATTATTA
chr6:39058643-39058669,TCA,TCATCATCATCATCATCATCATCATC
chr6:168809289-168809327,TAA,TAATAATAATAATAATAATAATAATAATAATAATAATA
chr6:76751685-76751726,TAT,TATTATTATTATTATTATTATTATTATTATTATTATTATTA
chr6:163379386-163379433,ATT,ATTATTATTATTATTATTATTATTATTATTATTATTATTATTATTAT
chr7:126714281-126714325,AAT,AATAATAATAATAATAATAATAATAATAATAATAATAATAATAA
chr7:43327962-43327991,ATT,ATTATTATTATTATTATTATTATTATTAT
chr8:72179524-72179562,ATA,ATAATAATAATAATAATAATAATAATAATAATAATAAT
chr8:4287657-4287683,ATT,ATTATTATTATTATTATTATTATTAT
chr8:15065416-15065460,TTA,TTATTATTATTATTATTATTATTATTATTATTATTATTATTATT
chr8:24448658-24448684,TAT,TATTATTATTATTATTATTATTATTA
chr9:92357462-92357509,TTA,TTATTATTATTATTATTATTATTATTATTATTATTATTATTATTATT
chr9:31444527-31444574,TTA,TTATTATTATTATTATTATTATTATTATTATTATTATTATTATT
chr9:116731179-116731226,AAT,AATAATAATAATAATAATAATAATAATAATAATAATAATAATAATAA
chr9:30216225-30216263,TAT,TATTATTATTATTATTATTATTATTATTATTATTATTA
chr9:133160282-133160311,TAA,TAATAATAATAATAATAATAATAATAATA
chr9:98861650-98861691,TAA,TAATAATAATAATAATAATAATAATAATAATAATAATAATA
chr9:444336-444365,ATA,ATAATAATAATAATAATAATAATAATAAT
chr10:50918963-50918998,ATA,ATAATAATAATAATAATAATAATAATAATAATAAT
chr10:121328241-121328276,TTA,TTATTATTATTATTATTATTATTATTATTATTATT
chr10:88679262-88679303,TTA,TTATTATTATTATTATTATTATTATTATTATTATTATTATT
chr10:34968797-34968838,TTA,TTATTATTATTATTATTATTATTATTATTATTATTATTATT
chr10:55770164-55770202,TTA,TTATTATTATTATTATTATTATTATTATTATTATTATT
chr10:127462654-127462683,AAT,AATAATAATAATAATAATAATAATAATAA
chr10:62995377-62995415,TAT,TATTATTATTATTATTATTATTATTATTATTATTATTA
chr10:120983242-120983274,ATT,ATTATTATTATTATTATTATTATTATTATTAT
chr10:9221927-9221953,TAA,TAATAATAATAATAATAATAATAATA
chr10:99244383-99244421,TAT,TATTATTATTATTATTATTATTATTATTATTATTATTA
chr11:8799921-8799968,TTA,TTATTATTATTATTATTATTATTATTATTATTATTATTATTATTATT
chr11:120446199-120446237,ATA,ATAATAATAATAATAATAATAATAATAATAATAATAAT
chr11:77415979-77415996,TAT,TATTATTATTATTATTA
chr11:63293966-63294001,TAT,TATTATTATTATTATTATTATTATTATTATTATTA
chr11:25972877-25972915,TTA,TTATTATTATTATTATTATTATTATTATTATTATTATT
chr11:134296837-134296863,TAA,TAATAATAATAATAATAATAATAATA
chr11:4890980-4891024,ATA,ATAATAATAATAATAATAATAATAATAATAATAATAATAATAAT
chr11:56747184-56747216,TAT,TATTATTATTATTATTATTATTATTATTATTA
chr11:25915477-25915515,TTA,TTATTATTATTATTATTATTATTATTATTATTATTATT
chr11:127052941-127052985,AAT,AATAATAATAATAATAATAATAATAATAATAATAATAATAATAA
chr11:67096614-67096652,AAT,AATAATAATAATAATAATAATAATAATAATAATAATAA
chr12:13021208-13021246,ACA,ACAACAACAACAACAACAACAACAACAACAACAACAAC
chr12:24106792-24106839,ATA,ATAATAATAATAATAATAATAATAATAATAATAATAATAATAATAAT
chr12:128321139-128321180,ATA,ATAATAATAATAATAATAATAATAATAATAATAATAATAAT
chr12:3906178-3906198,TTA,TTATTATTATTATTATTATT
chr12:126369497-126369529,TAT,TATTATTATTATTATTATTATTATTATTATTA
chr12:31844542-31844589,AAT,AATAATAATAATAATAATAATAATAATAATAATAATAATAATAATAA
chr12:27494488-27494523,TAT,TATTATTATTATTATTATTATTATTATTATTATTA
chr12:115644946-115644987,AAT,AATAATAATAATAATAATAATAATAATAATAATAATAATAA
chr13:94111475-94111513,AAT,AATAATAATAATAATAATAATAATAATAATAATAATAA
chr13:30498628-30498666,TAT,TATTATTATTATTATTATTATTATTATTATTATTATTA
chr14:73309719-73309757,TAA,TAATAATAATAATAATAATAATAATAATAATAATAATA
chr14:23238738-23238782,ATA,ATAATAATAATAATAATAATAATAATAATAATAATAATAATAAT
chr14:25279718-25279774,TTA,TTATTATTATTATTATTATTATTATTATTATTATTATTATTATTATTATTATTATT
chr14:103861121-103861165,TTA,TTATTATTATTATTATTATTATTATTATTATTATTATTATTATT
chr14:60930207-60930245,TAT,TATTATTATTATTATTATTATTATTATTATTATTATTA
chr14:34184619-34184654,AAT,AATAATAATAATAATAATAATAATAATAATAATAA
chr15:91974268-91974300,TTA,TTATTATTATTATTATTATTATTATTATTATT
chr15:87432931-87432969,AAT,AATAATAATAATAATAATAATAATAATAATAATAATAA
chr15:42983667-42983702,TAA,TAATAATAATAATAATAATAATAATAATAATAATA
chr16:59859096-59859137,TTA,TTATTATTATTATTATTATTATTATTATTATTATTATTATT
chr16:14241964-14242011,AAT,AATAATAATAATAATAATAATAATAATAATAATAATAATAATAATAA
chr16:83734728-83734754,TAA,TAATAATAATAATAATAATAATAATA
chr16:57320483-57320521,TTA,TTATTATTATTATTATTATTATTATTATTATTATTATT
chr16:11500512-11500538,ATA,ATAATAATAATAATAATAATAATAAT
chr16:1951727-1951771,TTA,TTATTATTATTATTATTATTATTATTATTATTATTATTATTATT
chr16:51158515-51158555,AAT,AATAATAATAATAATAATAATAATAATAATAATAATAAT
chr17:17151011-17151043,ATT,ATTATTATTATTATTATTATTATTATTATTAT
chr17:80626776-80626811,ATT,ATTATTATTATTATTATTATTATTATTATTATTAT
chr17:19523226-19523246,TTA,TTATTATTATTATTATTATT
chr17:68551691-68551723,ATT,ATTATTATTATTATTATTATTATTATTATTAT
chr17:77896284-77896328,TAT,TATTATTATTATTATTATTATTATTATTATTATTATTATTATTA
chr17:13213541-13213570,TAA,TAATAATAATAATAATAATAATAATAATA
chr18:565284-565304,TGC,TGCTGCTGCTGCTGCTGCTG
chr18:61152693-61152731,ATT,ATTATTATTATTATTATTATTATTATTATTATTATTAT
chr18:3157681-3157725,ATA,ATAATAATAATAATAATAATAATAATAATAATAATAATAATAAT
chr18:57229997-57230029,TAA,TAATAATAATAATAATAATAATAATAATAATA
chr18:71246316-71246363,TTA,TTATTATTATTATTATTATTATTATTATTATTATTATTATTATTATT
chr19:48602828-48602869,TTA,TTATTATTATTATTATTATTATTATTATTATTATTATTATT
chr19:12271038-12271067,GAT,GATGATGATGATGATGATGATGATGATGA
chr20:3484910-3484948,TTA,TTATTATTATTATTATTATTATTATTATTATTATTATT
chr20:49340138-49340179,TAA,TAATAATAATAATAATAATAATAATAATAATAATAATAATA
chr21:37769413-37769445,TAT,TATTATTATTATTATTATTATTATTATTATTA
chr22:37140287-37140328,TTA,TTATTATTATTATTATTATTATTATTATTATTATTATTATT
chr22:23582558-23582578,TTA,TTATTATTATTATTATTATT
chr1:238662240-238662287,ATAA,ATAAATAAATAAATAAATAAATAAATAAATAAATAAATAAATAAATA
chr1:51173964-51174007,GATA,GATAGATAGATAGATAGATAGATAGATAGATAGATAGATAGAT
chr1:32360848-32360895,GATA,GATAGATAGATAGATAGATAGATAGATAGATAGATAGATAGATAGAT
chr1:202588825-202588872,GATA,GATAGATAGATAGATAGATAGATAGATAGATAGATAGATAGATAGAT
chr1:63839347-63839402,CTAT,CTATCTATCTATCTATCTATCTATCTATCTATCTATCTATCTATCTATCTATCTA
chr1:240616738-240616781,TCTA,TCTATCTATCTATCTATCTATCTATCTATCTATCTATCTATCT
chr1:59264720-59264767,ATCT,ATCTATCTATCTATCTATCTATCTATCTATCTATCTATCTATCTATC
chr1:13457800-13457839,ATAG,ATAGATAGATAGATAGATAGATAGATAGATAGATAGATA
chr1:157963008-157963055,AGAT,AGATAGATAGATAGATAGATAGATAGATAGATAGATAGATAGATAGA
chr1:163590026-163590085,TCCT,TCCTTCCTTCCTTCCTTCCTTCCTTCCTTCCTTCCTTCCTTCCTTCCTTCCTTCCTTCC
chr1:17457258-17457297,ATCT,ATCTATCTATCTATCTATCTATCTATCTATCTATCTATC
chr1:104540619-104540650,ATCT,ATCTATCTATCTATCTATCTATCTATCTATC
chr1:7082441-7082492,TAGA,TAGATAGATAGATAGATAGATAGATAGATAGATAGATAGATAGATAGATAG
chr1:230551450-230551477,TATC,TATCTATCTATCTATCTATCTATCTAT
chr1:114197570-114197621,AGGA,AGGAAGGAAGGAAGGAAGGAAGGAAGGAAGGAAGGAAGGAAGGAAGGAAGG
chr1:203562829-203562876,CTTC,CTTCCTTCCTTCCTTCCTTCCTTCCTTCCTTCCTTCCTTCCTTCCTT
chr1:6404711-6404758,AAAT,AAATAAATAAATAAATAAATAAATAAATAAATAAATAAATAAATAAA
chr1:105738923-105738974,TCTA,TCTATCTATCTATCTATCTATCTATCTATCTATCTATCTATCTATCTATCT
chr1:247763027-247763066,AAAT,AAATAAATAAATAAATAAATAAATAAATAAATAAATAAA
chr1:16213729-16213772,TTAT,TTATTTATTTATTTATTTATTTATTTATTTATTTATTTATTTA
chr2:109628501-109628540,ATAA,ATAAATAAATAAATAAATAAATAAATAAATAAATAAATA
chr2:151285357-151285404,GATA,GATAGATAGATAGATAGATAGATAGATAGATAGATAGATAGATAGAT
chr2:31854341-31854400,CTAT,CTATCTATCTATCTATCTATCTATCTATCTATCTATCTATCTATCTATCTATCTATCTA
chr2:125429191-125429234,ATAG,ATAGATAGATAGATAGATAGATAGATAGATAGATAGATAGATA
chr2:184127800-184127855,TCTA,TCTATCTATCTATCTATCTATCTATCTATCTATCTATCTATCTATCTATCTATCT
chr2:72912126-72912181,AGAT,AGATAGATAGATAGATAGATAGATAGATAGATAGATAGATAGATAGATAGATAGA
chr2:147452576-147452639,GGAA,GGAAGGAAGGAAGGAAGGAAGGAAGGAAGGAAGGAAGGAAGGAAGGAAGGAAGGAAGGAAGGA
chr2:3697622-3697665,CTAT,CTATCTATCTATCTATCTATCTATCTATCTATCTATCTATCTA
chr2:213715225-213715268,ATCT,ATCTATCTATCTATCTATCTATCTATCTATCTATCTATCTATC
chr2:237169893-237169936,ATAG,ATAGATAGATAGATAGATAGATAGATAGATAGATAGATAGATA
chr2:101955667-101955714,ATCT,ATCTATCTATCTATCTATCTATCTATCTATCTATCTATCTATCTATC
chr2:29253845-29253892,AGAT,AGATAGATAGATAGATAGATAGATAGATAGATAGATAGATAGATAGA
chr2:231341641-231341676,ATAG,ATAGATAGATAGATAGATAGATAGATAGATAGATA
chr2:217711932-217711983,GATA,GATAGATAGATAGATAGATAGATAGATAGATAGATAGATAGATAGATAGAT
chr2:68011948-68011995,TATC,TATCTATCTATCTATCTATCTATCTATCTATCTATCTATCTATCTAT
chr2:9800480-9800519,TGAA,TGAATGAATGAATGAATGAATGAATGAATGAATGAATGA
chr2:14682527-14682578,ATAG,ATAGATAGATAGATAGATAGATAGATAGATAGATAGATAGATAGATAGATA
chr2:161607671-161607726,TCTA,TCTATCTATCTATCTATCTATCTATCTATCTATCTATCTATCTATCTATCTATCT
chr2:60251439-60251482,AGAT,AGATAGATAGATAGATAGATAGATAGATAGATAGATAGATAGA
chr2:119016760-119016803,ATAG,ATAGATAGATAGATAGATAGATAGATAGATAGATAGATAGATA
chr2:103340539-103340578,CTAT,CTATCTATCTATCTATCTATCTATCTATCTATCTATCTA
chr2:198839371-198839422,AGAT,AGATAGATAGATAGATAGATAGATAGATAGATAGATAGATAGATAGATAGA
chr2:175308747-175308786,TCTA,TCTATCTATCTATCTATCTATCTATCTATCTATCTATCT
chr2:40997291-40997314,CTAT,CTATCTATCTATCTATCTATCTA
chr2:235110960-235111007,ATCT,ATCTATCTATCTATCTATCTATCTATCTATCTATCTATCTATCTATC
chr2:7705497-7705540,ATCT,ATCTATCTATCTATCTATCTATCTATCTATCTATCTATCTATC
chr2:66824056-66824091,TCTA,TCTATCTATCTATCTATCTATCTATCTATCTATCT
chr2:136501921-136501972,TCTA,TCTATCTATCTATCTATCTATCTATCTATCTATCTATCTATCTATCTATCT
chr2:129505860-129505911,AGAT,AGATAGATAGATAGATAGATAGATAGATAGATAGATAGATAGATAGATAGA
chr2:1489650-1489681,TGAA,TGAATGAATGAATGAATGAATGAATGAATGA
chr3:62522096-62522151,CTAT,CTATCTATCTATCTATCTATCTATCTATCTATCTATCTATCTATCTATCTATCTA
chr3:10321694-10321741,TCTA,TCTATCTATCTATCTATCTATCTATCTATCTATCTATCTATCTATCT
chr3:194893690-194893733,TATC,TATCTATCTATCTATCTATCTATCTATCTATCTATCTATCTAT
chr3:167521964-167522019,GATA,GATAGATAGATAGATAGATAGATAGATAGATAGATAGATAGATAGATAGATAGAT
chr3:58995976-58996023,TCTA,TCTATCTATCTATCTATCTATCTATCTATCTATCTATCTATCTATCT
chr3:34582929-34582964,AGAT,AGATAGATAGATAGATAGATAGATAGATAGATAGA
chr3:189703428-189703463,TAGA,TAGATAGATAGATAGATAGATAGATAGATAGATAG
chr3:176067131-176067166,TCTA,TCTATCTATCTATCTATCTATCTATCTATCTATCT
chr3:32123792-32123839,GATA,GATAGATAGATAGATAGATAGATAGATAGATAGATAGATAGATAGAT
chr3:117683570-117683629,ATCT,ATCTATCTATCTATCTATCTATCTATCTATCTATCTATCTATCTATCTATCTATCTATC
chr3:21908122-21908173,TATC,TATCTATCTATCTATCTATCTATCTATCTATCTATCTATCTATCTATCTAT
chr3:85803499-85803534,ATAG,ATAGATAGATAGATAGATAGATAGATAGATAGAT
chr3:4271467-4271518,TAGA,TAGATAGATAGATAGATAGATAGATAGATAGATAGATAGATAGATAGATAG
chr3:77467588-77467631,ATCT,ATCTATCTATCTATCTATCTATCTATCTATCTATCTATCTATC
chr3:11967612-11967651,CTAT,CTATCTATCTATCTATCTATCTATCTATCTATCTATCTA
chr3:102456547-102456594,TCTA,TCTATCTATCTATCTATCTATCTATCTATCTATCTATCTATCTATCT
chr3:56103744-56103787,ATCT,ATCTATCTATCTATCTATCTATCTATCTATCTATCTATCTATC
chr3:172033175-172033210,ATAG,ATAGATAGATAGATAGATAGATAGATAGATAGATA
chr3:190825836-190825879,TTCC,TTCCTTCCTTCCTTCCTTCCTTCCTTCCTTCCTTCCTTCCTTC
chr3:115881041-115881072,AAAT,AAATAAATAAATAAATAAATAAATAAATAAA
chr3:186993557-186993604,TTAT,TTATTTATTTATTTATTTATTTATTTATTTATTTATTTATTTATTTA
chr4:182055350-182055377,ATAA,ATAAATAAATAAATAAATAAATAAATA
chr4:40136344-40136395,TCTA,TCTATCTATCTATCTATCTATCTATCTATCTATCTATCTATCTATCTATCT
chr4:44176861-44176900,TCTA,TCTATCTATCTATCTATCTATCTATCTATCTATCTATCT
chr4:140830396-140830455,CTAT,CTATCTATCTATCTATCTATCTATCTATCTATCTATCTATCTATCTATCTATCTATCTA
chr4:98513862-98513909,TAGA,TAGATAGATAGATAGATAGATAGATAGATAGATAGATAGATAGATAG
chr4:189163239-189163282,TCTA,TCTATCTATCTATCTATCTATCTATCTATCTATCTATCTATCT
chr4:6483114-6483141,ATAG,ATAGATAGATAGATAGATAGATAGATA
chr4:67417171-67417202,TCTA,TCTATCTATCTATCTATCTATCTATCTATCT
chr4:167795220-167795263,TAGA,TAGATAGATAGATAGATAGATAGATAGATAGATAGATAGATAG
chr4:35702558-35702585,GATA,GATAGATAGATAGATAGATAGATAGAT
chr4:59155877-59155928,ATAG,ATAGATAGATAGATAGATAGATAGATAGATAGATAGATAGATAGATAGATA
chr4:187466867-187466902,TAGA,TAGATAGATAGATAGATAGATAGATAGATAGATAG
chr4:166361917-166361964,AGAT,AGATAGATAGATAGATAGATAGATAGATAGATAGATAGATAGATAGA
chr4:21112026-21112073,ATCT,ATCTATCTATCTATCTATCTATCTATCTATCTATCTATCTATCTATC
chr4:173048403-173048426,ATAG,ATAGATAGATAGATAGATAGATA
chr5:180452869-180452908,AATA,AATAAATAAATAAATAAATAAATAAATAAATAAATAAAT
chr5:4657419-4657446,AATA,AATAAATAAATAAATAAATAAATAAAT
chr5:54003666-54003717,TCTA,TCTATCTATCTATCTATCTATCTATCTATCTATCTATCTATCTATCTATCT
chr5:15555795-15555822,TAGA,TAGATAGATAGATAGATAGATAGATAG
chr5:169605574-169605609,ATAG,ATAGATAGATAGATAGATAGATAGATAGATAGATA
chr5:41033785-41033820,TATC,TATCTATCTATCTATCTATCTATCTATCTATCTAT
chr5:89870841-89870876,GATA,GATAGATAGATAGATAGATAGATAGATAGATAGAT
chr5:59401444-59401487,TATC,TATCTATCTATCTATCTATCTATCTATCTATCTATCTATCTAT
chr5:5817163-5817225,AGAT,AGATAGATAGATAGATGATAGATAGATAGATAGATAGATAGATAGATAGATAGATAGATAGA
chr5:22390576-22390623,GATA,GATAGATAGATAGATAGATAGATAGATAGATAGATAGATAGATAGAT
chr5:135965980-135966019,GATA,GATAGATAGATAGATAGATAGATAGATAGATAGATAGAT
chr5:156695484-156695571,ATAG,ATAGATAGATAGATAGATAGATAGATGGATAGATAGATAGATAGATAGATAGATAGATAGATAGATAGATAGATAGATAGATAGATA
chr5:72106083-72106126,ATCT,ATCTATCTATCTATCTATCTATCTATCTATCTATCTATCTATC
chr5:84249378-84249429,CTAT,CTATCTATCTATCTATCTATCTATCTATCTATCTATCTATCTATCTATCTA
chr5:133616311-133616354,TCTA,TCTATCTATCTATCTATCTATCTATCTATCTATCTATCTATCT
chr5:33827712-33827759,AGAT,AGATAGATAGATAGATAGATAGATAGATAGATAGATAGATAGATAGA
chr5:114883109-114883160,TAGA,TAGATAGATAGATAGATAGATAGATAGATAGATAGATAGATAGATAGATAG
chr5:72923517-72923568,TAGA,TAGATAGATAGATAGATAGATAGATAGATAGATAGATAGATAGATAGATAG
chr6:170281881-170281920,TGAA,TGAATGAATGAATGAATGAATGAATGAATGAATGAATGA
chr6:9432125-9432164,TATT,TATTTATTTATTTATTTATTTATTTATTTATTTATTTAT
chr6:136981094-136981137,ATCT,ATCTATCTATCTATCTATCTATCTATCTATCTATCTATCTATC
chr6:41709530-41709569,GGAT,GGATGGATGGATGGATGGATGGATGGATGGATGGATGGA
chr6:130664700-130664735,GATA,GATAGATAGATAGATAGATAGATAGATAGATAGAT
chr6:36665328-36665382,CTAT,CTATCTATCTATCTATCTATCTATCTATCTATCTATCTATCTATCATCTATCTA
chr6:93387933-93387976,GATA,GATAGATAGATAGATAGATAGATAGATAGATAGATAGATAGAT
chr6:19911897-19911940,AGAT,AGATAGATAGATAGATAGATAGATAGATAGATAGATAGATAGA
chr6:50675961-50676004,ATAG,ATAGATAGATAGATAGATAGATAGATAGATAGATAGATAGATA
chr6:153815170-153815209,TCTA,TCTATCTATCTATCTATCTATCTATCTATCTATCTATCT
chr6:820547-820598,CTAT,CTATCTATCTATCTATCTATCTATCTATCTATCTATCTATCTATCTATCTA
chr6:6321376-6321395,TTCT,TTCTTTCTTTCTTTCTTTC
chr6:84873680-84873727,ATCT,ATCTATCTATCTATCTATCTATCTATCTATCTATCTATCTATCTATC
chr6:72700292-72700335,ATCT,ATCTATCTATCTATCTATCTATCTATCTATCTATCTATCTATC
chr6:100904673-100904700,CTAT,CTATCTATCTATCTATCTATCTATCTA
chr6:91740225-91740272,TCTA,TCTATCTATCTATCTATCTATCTATCTATCTATCTATCTATCTATCT
chr6:147646027-147646074,ATCT,ATCTATCTATCTATCTATCTATCTATCTATCTATCTATCTATCTATC
chr6:46212089-46212140,AAAT,AAATAAATAAATAAATAAATAAATAAATAAATAAATAAATAAATAAATAAA
chr6:149901917-149901980,ATCT,ATCTATCTATCTATCTATCTATCTATCTATCTATCTATCTATCTATCTATCTATCTATCTATC
chr7:147933495-147933542,GATA,GATAGATAGATAGATAGATAGATAGATAGATAGATAGATAGATAGAT
chr7:119861564-119861615,GATA,GATAGATAGATAGATAGATAGATAGATAGATAGATAGATAGATAGATAGAT
chr7:104554641-104554688,GATA,GATAGATAGATAGATAGATAGATAGATAGATAGATAGATAGATAGAT
chr7:49349382-49349429,GATA,GATAGATAGATAGATAGATAGATAGATAGATAGATAGATAGATAGAT
chr7:140312843-140312886,CTAT,CTATCTATCTATCTATCTATCTATCTATCTATCTATCTATCTA
chr7:78497726-78497765,TCTA,TCTATCTATCTATCTATCTATCTATCTATCTATCTATCT
chr7:9435395-9435434,ATAG,ATAGATAGATAGATAGATAGATAGATAGATAGATAGATA
chr7:123649430-123649481,CCTT,CCTTCCTTCCTTCCTTCCTTCCTTCCTTCCTTCCTTCCTTCCTTCCTTCCT
chr7:32096824-32096863,AGAT,AGATAGATAGATAGATAGATAGATAGATAGATAGATAGA
chr7:23098466-23098517,TCTA,TCTATCTATCTATCTATCTATCTATCTATCTATCTATCTATCTATCTATCT
chr7:131174955-131175010,TAGA,TAGATAGATAGATAGATAGATAGATAGATAGATAGATAGATAGATAGATAGATAG
chr7:5591055-5591098,CTAT,CTATCTATCTATCTATCTATCTATCTATCTATCTATCTATCTA
chr7:140081654-140081697,CTAT,CTATCTATCTATCTATCTATCTATCTATCTATCTATCTATCTA
chr7:83167526-83167569,ATAG,ATAGATAGATAGATAGATAGATAGATAGATAGATAGATAGATA
chr7:156196433-156196460,TTGT,TTGTTTGTTTGTTTGTTTGTTTGTTTG
chr7:7693296-7693335,ATCT,ATCTATCTATCTATCTATCTATCTATCTATCTATCTATC
chr7:153078950-153079001,ATGT,ATGTATGTATGTATGTATGTATGTATGTATGTATGTATGTATGTATGTATG
chr7:13917289-13917332,ATTT,ATTTATTTATTTATTTATTTATTTATTTATTTATTTATTTATT
chr7:118196701-118196744,TTAT,TTATTTATTTATTTATTTATTTATTTATTTATTTATTTATTTA
chr8:121382327-121382378,AATA,AATAAATAAATAAATAAATAAATAAATAAATAAATAAATAAATAAATAAAT
chr8:29998271-29998322,ATAA,ATAAATAAATAAATAAATAAATAAATAAATAAATAAATAAATAAATAAATA
chr8:9058841-9058868,TAAA,TAAATAAATAAATAAATAAATAAATAA
chr8:21390037-21390076,TAAA,TAAATAAATAAATAAATAAATAAATAAATAAATAAATAA
chr8:58018810-58018857,TAGA,TAGATAGATAGATAGATAGATAGATAGATAGATAGATAGATAGATAG
chr8:91011023-91011066,AGAT,AGATAGATAGATAGATAGATAGATAGATAGATAGATAGATAGA
chr8:26954396-26954431,TATC,TATCTATCTATCTATCTATCTATCTATCTATCTAT
chr8:135279551-135279594,CTAT,CTATCTATCTATCTATCTATCTATCTATCTATCTATCTATCTA
chr8:52268469-52268508,TCTA,TCTATCTATCTATCTATCTATCTATCTATCTATCTATCT
chr8:58795783-58795830,TCCT,TCCTTCCTTCCTTCCTTCCTTCCTTCCTTCCTTCCTTCCTTCCTTCC
chr8:124894873-124894916,CTAT,CTATCTATCTATCTATCTATCTATCTATCTATCTATCTATCTA
chr8:73342200-73342247,CTAT,CTATCTATCTATCTATCTATCTATCTATCTATCTATCTATCTATCTA
chr8:137521266-137521317,ATCT,ATCTATCTATCTATCTATCTATCTATCTATCTATCTATCTATCTATCTATC
chr8:55217739-55217786,AGAT,AGATAGATAGATAGATAGATAGATAGATAGATAGATAGATAGATAGA
chr8:11976494-11976545,TATC,TATCTATCTATCTATCTATCTATCTATCTATCTATCTATCTATCTATCTAT
chr8:98177579-98177610,TCAT,TCATTCATTCATTCATTCATTCATTCATTCA
chr8:16007596-16007635,ATCT,ATCTATCTATCTATCTATCTATCTATCTATCTATCTATC
chr9:100627624-100627651,TTTA,TTTATTTATTTATTTATTTATTTATTT
chr9:17274457-17274504,TATC,TATCTATCTATCTATCTATCTATCTATCTATCTATCTATCTATCTAT
chr9:135005054-135005093,TAGA,TAGATAGATAGATAGATAGATAGATAGATAGATAGATAG
chr9:25403152-25403187,TACA,TACATACATACATACATACATACATACATACATAC
chr9:77073828-77073875,ATAG,ATAGATAGATAGATAGATAGATAGATAGATAGATAGATAGATAGATA
chr9:71187890-71187949,ATAG,ATAGATAGATAGATAGATAGATAGATAGATAGATAGATAGATAGATAGATAGATAGATA
chr9:80353538-80353566,ATCT,ATCTATCTATCTATCTATCTATCTATCT
chr9:118333575-118333626,GATA,GATAGATAGATAGATAGATAGATAGATAGATAGATAGATAGATAGATAGAT
chr9:103221820-103221863,TCCT,TCCTTCCTTCCTTCCTTCCTTCCTTCCTTCCTTCCTTCCTTCC
chr9:26171276-26171319,AGAT,AGATAGATAGATAGATAGATAGATAGATAGATAGATAGATAGA
chr9:7929081-7929132,ATCT,ATCTATCTATCTATCTATCTATCTATCTATCTATCTATCTATCTATCTATC
chr9:83351688-83351731,ATAG,ATAGATAGATAGATAGATAGATAGATAGATAGATAGATAGATA
chr9:105928200-105928239,CTAT,CTATCTATCTATCTATCTATCTATCTATCTATCTATCTA
chr9:109869652-109869675,CCAT,CCATCCATCCATCCATCCATCCA
chr9:10230437-10230476,ATCT,ATCTATCTATCTATCTATCTATCTATCTATCTATCTATC
chr9:122680254-122680297,GATA,GATAGATAGATAGATAGATAGATAGATAGATAGATAGATAGAT
chr10:2580526-2580569,ATAG,ATAGATAGATAGATAGATAGATAGATAGATAGATAGATAGATA
chr10:6352401-6352452,CCAT,CCATCCATCCATCCATCCATCCATCCATCCATCCATCCATCCATCCATCCA
chr10:130720998-130721033,TGTA,TGTATGTATGTATGTATGTATGTATGTATGTATGT
chr10:7878691-7878742,TGTA,TGTATGTATGTATGTATGTATGTATGTATGTATGTATGTATGTATGTATGT
chr10:101436628-101436671,GATA,GATAGATAGATAGATAGATAGATAGATAGATAGATAGATAGAT
chr10:129294244-129294295,GAAG,GAAGGAAGGAAGGAAGGAAGGAAGGAAGGAAGGAAGGAAGGAAGGAAGGAA
chr10:19149078-19149125,TCTA,TCTATCTATCTATCTATCTATCTATCTATCTATCTATCTATCTATCT
chr10:117580722-117580765,ATCT,ATCTATCTATCTATCTATCTATCTATCTATCTATCTATCTATC
chr10:30206907-30206950,ATAG,ATAGATAGATAGATAGATAGATAGATAGATAGATAGATAGATA
chr10:12695023-12695066,ATAG,ATAGATAGATAGATAGATAGATAGATAGATAGATAGATAGATA
chr10:72899707-72899758,GATA,GATAGATAGATAGATAGATAGATAGATAGATAGATAGATAGATAGATAGAT
chr10:2201139-2201182,TCTA,TCTATCTATCTATCTATCTATCTATCTATCTATCTATCTATCT
chr10:78952324-78952359,GATG,GATGGATGGATGGATGGATGGATGGATGGATGGAT
chr10:90604987-90605042,AGAT,AGATAGATAGATAGATAGATAGATAGATAGATAGATAGATAGATAGATAGATAGA
chr10:26045369-26045416,ATAG,ATAGATAGATAGATAGATAGATAGATAGATAGATAGATAGATAGATA
chr10:70320297-70320348,GATA,GATAGATAGATAGATAGATAGATAGATAGATAGATAGATAGATAGATAGAT
chr10:68752886-68752941,GATA,GATAGATAGATAGATAGATAGATAGATAGATAGATAGATAGATAGATAGATAGAT
chr10:127955287-127955322,ACAT,ACATACATACATACATACATACATACATACATACA
chr10:66197337-66197380,CTAT,CTATCTATCTATCTATCTATCTATCTATCTATCTATCTATCTA
chr11:34618597-34618644,ATCT,ATCTATCTATCTATCTATCTATCTATCTATCTATCTATCTATCTATC
chr11:1545667-1545714,CTTC,CTTCCTTCCTTCCTTCCTTCCTTCCTTCCTTCCTTCCTTCCTTCCTT
chr11:117827087-117827138,ATAG,ATAGATAGATAGATAGATAGATAGATAGATAGATAGATAGATAGATAGATA
chr11:10698480-10698539,ATAG,ATAGATAGATAGATAGATAGATAGATAGATAGATAGATAGATAGATAGATAGATAGATA
chr11:80254523-80254566,ATCT,ATCTATCTATCTATCTATCTATCTATCTATCTATCTATCTATC
chr11:59954630-59954669,ATCT,ATCTATCTATCTATCTATCTATCTATCTATCTATCTATC
chr11:59468671-59468726,ATAG,ATAGATAGATAGATAGATAGATAGATAGATAGATAGATAGATAGATAGATAGATA
chr11:56438411-56438454,ATAG,ATAGATAGATAGATAGATAGATAGATAGATAGATAGATAGATA
chr11:73794185-73794228,ATCT,ATCTATCTATCTATCTATCTATCTATCTATCTATCTATCTATC
chr11:131002510-131002561,TATC,TATCTATCTATCTATCTATCTATCTATCTATCTATCTATCTATCTATCTAT
chr11:31341383-31341438,TAGA,TAGATAGATAGATAGATAGATAGATAGATAGATAGATAGATAGATAGATAGATAG
chr11:96978550-96978597,CTAT,CTATCTATCTATCTATCTATCTATCTATCTATCTATCTATCTATCTA
chr11:89194651-89194682,CTAT,CTATCTATCTATCTATCTATCTATCTATCTA
chr12:47390623-47390670,GATA,GATAGATAGATAGATAGATAGATAGATAGATAGATAGATAGATAGAT
chr12:79251984-79252010,TAGA,TAGATAGATAGATAGATAGATAGATA
chr12:90429577-90429620,CTAT,CTATCTATCTATCTATCTATCTATCTATCTATCTATCTATCTA
chr12:98107193-98107240,AGAT,AGATAGATAGATAGATAGATAGATAGATAGATAGATAGATAGATAGA
chr12:43668894-43668921,AGAT,AGATAGATAGATAGATAGATAGATAGA
chr12:52219354-52219400,CTAT,CTATCTATCTATCTATCTATCTATCTATCTATCTATCTATCATCTA
chr12:3478263-3478306,CTAT,CTATCTATCTATCTATCTATCTATCTATCTATCTATCTATCTA
chr12:16862196-16862239,ATCT,ATCTATCTATCTATCTATCTATCTATCTATCTATCTATCTATC
chr12:38795868-38795899,ATAG,ATAGATAGATAGATAGATAGATAGATAGATA
chr12:124178477-124178528,ATCT,ATCTATCTATCTATCTATCTATCTATCTATCTATCTATCTATCTATCTATC
chr12:5857776-5857819,GATA,GATAGATAGATAGATAGATAGATAGATAGATAGATAGATAGAT
chr12:117395940-117395979,CTTC,CTTCCTTCCTTCCTTCCTTCCTTCCTTCCTTCCTTCCTT
chr12:52803345-52803372,ATGG,ATGGATGGATGGATGGATGGATGGATG
chr13:26845235-26845278,AATA,AATAAATAAATAAATAAATAAATAAATAAATAAATAAATAAAT
chr13:111637364-111637391,TAGA,TAGATAGATAGATAGATAGATAGATAG
chr13:33434894-33434941,AAGG,AAGGAAGGAAGGAAGGAAGGAAGGAAGGAAGGAAGGAAGGAAGGAAG
chr13:54532004-54532047,ATCT,ATCTATCTATCTATCTATCTATCTATCTATCTATCTATCTATC
chr13:82148025-82148068,ATCT,ATCTATCTATCTATCTATCTATCTATCTATCTATCTATCTATC
chr13:97299649-97299688,ATCT,ATCTATCTATCTATCTATCTATCTATCTATCTATCTATC
chr13:107236674-107236737,ATCT,ATCTATCTATCTATCTATCTATCTATCTATCTATCTATCTATCTATCTATCTATCTATCTATC
chr13:38164483-38164534,ATAG,ATAGATAGATAGATAGATAGATAGATAGATAGATAGATAGATAGATAGATA
chr13:89042715-89042762,TCTA,TCTATCTATCTATCTATCTATCTATCTATCTATCTATCTATCTATCT
chr13:31489871-31489902,CTAT,CTATCTATCTATCTATCTATCTATCTATCTA
chr14:33284765-33284812,ATCT,ATCTATCTATCTATCTATCTATCTATCTATCTATCTATCTATCTATC
chr14:89910599-89910646,TACA,TACATACATACATACATACATACATACATACATACATACATACATAC
chr14:98751264-98751307,ATGG,ATGGATGGATGGATGGATGGATGGATGGATGGATGGATGGATG
chr14:26186771-26186814,ATAG,ATAGATAGATAGATAGATAGATAGATAGATAGATAGATAGATA
chr14:100153253-100153304,GATA,GATAGATAGATAGATAGATAGATAGATAGATAGATAGATAGATAGATAGAT
chr14:94842067-94842106,ATCT,ATCTATCTATCTATCTATCTATCTATCTATCTATCTATC
chr14:69753604-69753643,CTTC,CTTCCTTCCTTCCTTCCTTCCTTCCTTCCTTCCTTCCTT
chr14:81787823-81787862,ATCT,ATCTATCTATCTATCTATCTATCTATCTATCTATCTATC
chr14:97801168-97801215,TAGA,TAGATAGATAGATAGATAGATAGATAGATAGATAGATAGATAGATAG
chr14:38947658-38947692,ATAG,ATAGATAGATAGATAGATAGATAGATAGATAG
chr14:75146909-75146944,GATA,GATAGATAGATAGATAGATAGATAGATAGATAGAT
chr14:97067217-97067276,GATA,GATAGATAGATAGATAGATAGATAGATAGATAGATAGATAGATAGATAGATAGATAGAT
chr14:56826239-56826278,AGGA,AGGAAGGAAGGAAGGAAGGAAGGAAGGAAGGAAGGAAGG
chr14:32065441-32065484,ATCT,ATCTATCTATCTATCTATCTATCTATCTATCTATCTATCTATC
chr15:62812012-62812055,ATAA,ATAAATAAATAAATAAATAAATAAATAAATAAATAAATAAATA
chr15:93295413-93295456,GATA,GATAGATAGATAGATAGATAGATAGATAGATAGATAGATAGAT
chr15:65047796-65047835,ATAG,ATAGATAGATAGATAGATAGATAGATAGATAGATAGATA
chr15:97790508-97790539,TATC,TATCTATCTATCTATCTATCTATCTATCTAT
chr15:46081911-46081966,ATCT,ATCTATCTATCTATCTATCTATCTATCTATCTATCTATCTATCTATCTATCTATC
chr15:94476609-94476652,AGAT,AGATAGATAGATAGATAGATAGATAGATAGATAGATAGATAGA
chr15:73938278-73938317,CTAT,CTATCTATCTATCTATCTATCTATCTATCTATCTATCTA
chr15:27145605-27145664,TATC,TATCTATCTATCTATCTATCTATCTATCTATCTATCTATCTATCTATCTATCTATCTAT
chr15:83489838-83489889,ATAG,ATAGATAGATAGATAGATAGATAGATAGATAGATAGATAGATAGATAGATA
chr16:87939967-87939994,GATA,GATAGATAGATAGATAGATAGATAGAT
chr16:54752773-54752812,AGAT,AGATAGATAGATAGATAGATAGATAGATAGATAGATAGA
chr16:26147509-26147556,ATAG,ATAGATAGATAGATAGATAGATAGATAGATAGATAGATAGATAGATA
chr16:63764317-63764372,TCTA,TCTATCTATCTATCTATCTATCTATCTATCTATCTATCTATCTATCTATCTATCT
chr16:53108514-53108561,GATA,GATAGATAGATAGATAGATAGATAGATAGATAGATAGATAGATAGAT
chr16:8321631-8321682,ATCT,ATCTATCTATCTATCTATCTATCTATCTATCTATCTATCTATCTATCTATC
chr16:84684173-84684220,ATAG,ATAGATAGATAGATAGATAGATAGATAGATAGATAGATAGATAGATA
chr16:80659052-80659099,ATGG,ATGGATGGATGGATGGATGGATGGATGGATGGATGGATGGATGGATG
chr16:62079635-62079682,TCTA,TCTATCTATCTATCTATCTATCTATCTATCTATCTATCTATCTATCT
chr16:76041988-76042043,TCTA,TCTATCTATCTATCTATCTATCTATCTATCTATCTATCTATCTATCTATCTATCT
chr16:19487703-19487758,TAAA,TAAATAAATAAATAAATAAATAAATAAATAAATAAATAAATAAATAAATAAATAA
chr16:616334-616365,TTAT,TTATTTATTTATTTATTTATTTATTTATTTA
chr17:57222579-57222630,AAAT,AAATAAATAAATAAATAAATAAATAAATAAATAAATAAATAAATAAATAAA
chr17:3763307-3763338,TCAT,TCATTCATTCATTCATTCATTCATTCATTCA
chr17:40838189-40838240,ATCT,ATCTATCTATCTATCTATCTATCTATCTATCTATCTATCTATCTATCTATC
chr17:74684855-74684902,GATA,GATAGATAGATAGATAGATAGATAGATAGATAGATAGATAGATAGAT
chr17:719968-720007,ACAT,ACATACATACATACATACATACATACATACATACATACA
chr17:17361211-17361238,GATA,GATAGATAGATAGATAGATAGATAGAT
chr17:10615438-10615473,ATAG,ATAGATAGATAGATAGATAGATAGATAGATAGATA
chr17:70504905-70504948,TCTA,TCTATCTATCTATCTATCTATCTATCTATCTATCTATCTATCT
chr17:10956081-10956132,ATCT,ATCTATCTATCTATCTATCTATCTATCTATCTATCTATCTATCTATCTATC
chr17:35476457-35476520,GAAG,GAAGGAAGGAAGGAAGGAAGGAAGGAAGGAAGGAAGGAAGGAAGGAAGGAAGGAAGGAAGGAA
chr17:77606959-77607002,CATT,CATTCATTCATTCATTCATTCATTCATTCATTCATTCATTCAT
chr18:6314037-6314084,ATAG,ATAGATAGATAGATAGATAGATAGATAGATAGATAGATAGATAGATA
chr18:9857644-9857729,ATAG,ATAGATAGATAGATAGATAGATAGATAGATAGATAGATAGATGATAGATAGATAGATAGATAGATAGATAGATAGATAGATAGAT
chr18:59889956-59889999,GATA,GATAGATAGATAGATAGATAGATAGATAGATAGATAGATAGAT
chr18:3870606-3870649,TCTA,TCTATCTATCTATCTATCTATCTATCTATCTATCTATCTATCT
chr18:75398817-75398864,CTAT,CTATCTATCTATCTATCTATCTATCTATCTATCTATCTATCTATCTA
chr18:5337564-5337607,CTAT,CTATCTATCTATCTATCTATCTATCTATCTATCTATCTATCTA
chr18:40568879-40568930,ATAG,ATAGATAGATAGATAGATAGATAGATAGATAGATAGATAGATAGATAGATA
chr18:29145253-29145288,TAGA,TAGATAGATAGATAGATAGATAGATAGATAGATAG
chr18:68243050-68243089,TATC,TATCTATCTATCTATCTATCTATCTATCTATCTATCTAT
chr18:73095299-73095338,TCTA,TCTATCTATCTATCTATCTATCTATCTATCTATCTATCT
chr18:35554012-35554067,GATA,GATAGATAGATAGATAGATAGATAGATAGATAGATAGATAGATAGATAGATAGAT
chr18:31115845-31115896,GATA,GATAGATAGATAGATAGATAGATAGATAGATAGATAGATAGATAGATAGAT
chr18:24863637-24863676,TATC,TATCTATCTATCTATCTATCTATCTATCTATCTATCTAT
chr19:33607307-33607362,TCTA,TCTATCTATCTATCTATCTATCTATCTATCTATCTATCTATCTATCTATCTATCT
chr19:57155647-57155674,GATA,GATAGATAGATAGATAGATAGATAGAT
chr19:29926234-29926285,CCTT,CCTTCCTTCCTTCCTTCCTTCCTTCCTTCCTTCCTTCCTTCCTTCCTTCCT
chr19:9694148-9694203,CTAT,CTATCTATCTATCTATCTATCTATCTATCTATCTATCTATCTATCTATCTATCTA
chr19:3075883-3075914,AGAT,AGATAGATAGATAGATAGATAGATAGATAGA
chr19:15617487-15617534,ATCT,ATCTATCTATCTATCTATCTATCTATCTATCTATCTATCTATCTATC
chr19:51044817-51044836,TTTA,TTTATTTATTTATTTA
chr20:5839487-5839526,GATA,GATAGATAGATAGATAGATAGATAGATAGATAGATAGAT
chr20:15623680-15623719,TATC,TATCTATCTATCTATCTATCTATCTATCTATCTATCTAT
chr20:42017971-42018018,TCTA,TCTATCTATCTATCTATCTATCTATCTATCTATCTATCTATCTATCT
chr20:15317483-15317526,TCTA,TCTATCTATCTATCTATCTATCTATCTATCTATCTATCTATCT
chr20:58478365-58478384,TCCT,TCCTTCCTTCCTTCCTTCC
chr20:22431576-22431623,ATCT,ATCTATCTATCTATCTATCTATCTATCTATCTATCTATCTATCTATC
chr20:53240722-53240773,ATAG,ATAGATAGATAGATAGATAGATAGATAGATAGATAGATAGATAGATAGATA
chr20:4525695-4525750,AGAT,AGATAGATAGATAGATAGATAGATAGATAGATAGATAGATAGATAGATAGATAGA
chr20:34877912-34877943,TAGA,TAGATAGATAGATAGATAGATAGATAGATAG
chr20:12603733-12603780,GATA,GATAGATAGATAGATAGATAGATAGATAGATAGATAGATAGATAGAT
chr20:40168251-40168310,ATAG,ATAGATAGATAGATAGATAGATAGATAGATAGATAGATAGATAGATAGATAGATAGATA
chr20:49921148-49921191,ATTT,ATTTATTTATTTATTTATTTATTTATTTATTTATTTATTTATT
chr20:58248340-58248387,TTAT,TTATTTATTTATTTATTTATTTATTTATTTATTTATTTATTTATTTA
chr21:43681262-43681301,GATA,GATAGATAGATAGATAGATAGATAGATAGATAGATAGAT
chr21:15971195-15971226,TATC,TATCTATCTATCTATCTATCTATCTATCTAT
chr21:20274570-20274617,GAAG,GAAGGAAGGAAGGAAGGAAGGAAGGAAGGAAGGAAGGAAGGAAGGAA
chr21:29684253-29684296,CTAT,CTATCTATCTATCTATCTATCTATCTATCTATCTATCTATCTA
chr21:23574689-23574720,ATCT,ATCTATCTATCTATCTATCTATCTATCTATC
chr22:20986377-20986416,ATAG,ATAGATAGATAGATAGATAGATAGATAGATAGATAGATA
chr22:24325539-24325578,TTTA,TTTATTTATTTATTTATTTATTTATTTATTTATTTATTT
chr22:45727333-45727376,TCTA,TCTATCTATCTATCTATCTATCTATCTATCTATCTATCTATCT
chr22:47865081-47865104,TAGA,TAGATAGATAGATAGATAGATAG
chr22:34199681-34199728,ATCT,ATCTATCTATCTATCTATCTATCTATCTATCTATCTATCTATCTATC
chr22:41439483-41439530,TATG,TATGTATGTATGTATGTATGTATGTATGTATGTATGTATGTATGTAT
chr22:36912882-36912921,CATT,CATTCATTCATTCATTCATTCATTCATTCATTCATTCAT
chr22:42640351-42640394,TATT,TATTTATTTATTTATTTATTTATTTATTTATTTATTTATTTAT
